Player_X,Closest_Rock_X,Closest_Rock_Y,Delta_X,Action_Taken
300,248,-34,52,1
300,248,-28,52,1
300,248,-22,52,1
300,248,-16,52,1
300,248,-10,52,1
300,248,-4,52,1
300,248,2,52,1
300,248,8,52,1
300,248,14,52,1
300,248,20,52,1
300,248,26,52,1
300,248,32,52,1
300,248,38,52,1
300,248,44,52,1
300,248,50,52,1
300,248,56,52,1
300,248,62,52,1
300,248,68,52,1
300,248,74,52,1
300,248,80,52,1
300,248,86,52,1
300,248,92,52,1
300,248,98,52,1
300,248,104,52,1
300,248,110,52,1
300,248,116,52,1
300,248,122,52,1
300,248,128,52,1
300,248,134,52,1
300,248,140,52,1
300,248,146,52,1
300,248,152,52,1
300,248,158,52,1
300,248,164,52,1
300,248,170,52,1
300,248,176,52,1
300,248,182,52,1
300,248,188,52,1
300,248,194,52,1
300,248,200,52,1
300,248,206,52,1
300,248,212,52,1
300,248,218,52,1
300,248,224,52,1
300,248,230,52,1
300,248,236,52,1
300,248,242,52,1
300,248,248,52,1
300,248,254,52,1
300,248,260,52,1
300,248,266,52,1
300,248,272,52,1
300,248,278,52,1
300,248,284,52,1
300,248,290,52,1
300,248,296,52,1
300,248,302,52,1
300,248,308,52,1
300,248,314,52,1
300,248,320,52,1
300,248,326,52,1
300,248,332,52,1
307,248,338,59,2
314,248,344,66,2
321,248,350,73,2
328,248,356,80,2
335,248,362,87,2
342,248,368,94,2
349,248,374,101,2
349,248,380,101,1
349,248,386,101,1
349,248,392,101,1
349,248,398,101,1
349,248,404,101,1
349,248,410,101,1
349,248,416,101,1
349,248,422,101,1
349,248,428,101,1
349,248,434,101,1
349,248,440,101,1
349,248,446,101,1
349,248,452,101,1
349,248,458,101,1
349,248,464,101,1
349,248,470,101,1
349,248,476,101,1
356,248,482,108,2
363,248,488,115,2
370,248,494,122,2
377,248,500,129,2
384,248,506,136,2
391,248,512,143,2
398,248,518,150,2
398,248,524,150,1
398,248,530,150,1
398,248,536,150,1
398,248,542,150,1
398,248,548,150,1
398,248,554,150,1
398,248,560,150,1
398,248,566,150,1
398,248,572,150,1
398,248,578,150,1
398,248,584,150,1
398,248,590,150,1
398,248,596,150,1
398,248,602,150,1
398,248,608,150,1
398,248,614,150,1
398,248,620,150,1
398,248,626,150,1
398,248,632,150,1
398,248,638,150,1
398,248,644,150,1
398,248,650,150,1
398,248,656,150,1
398,248,662,150,1
398,248,668,150,1
398,248,674,150,1
398,248,680,150,1
391,248,686,143,0
384,248,692,136,0
377,248,698,129,0
370,248,704,122,0
363,248,710,115,0
356,248,716,108,0
356,248,722,108,1
356,248,728,108,1
356,248,734,108,1
356,248,740,108,1
356,248,746,108,1
356,248,752,108,1
356,248,758,108,1
356,248,764,108,1
356,248,770,108,1
356,248,776,108,1
356,248,782,108,1
356,248,788,108,1
356,248,794,108,1
356,248,800,108,1
356,159,656,197,1
356,159,662,197,1
356,159,668,197,1
356,159,674,197,1
356,159,680,197,1
356,159,686,197,1
356,159,692,197,1
356,159,698,197,1
356,159,704,197,1
356,159,710,197,1
356,159,716,197,1
356,159,722,197,1
356,159,728,197,1
349,159,734,190,0
342,159,740,183,0
335,159,746,176,0
328,159,752,169,0
321,159,758,162,0
314,159,764,155,0
307,159,770,148,0
307,159,776,148,1
307,188,632,119,1
307,188,638,119,1
307,188,644,119,1
307,188,650,119,1
307,188,656,119,1
307,188,662,119,1
307,188,668,119,1
307,188,674,119,1
307,188,680,119,1
307,188,686,119,1
307,188,692,119,1
307,188,698,119,1
307,188,704,119,1
307,188,710,119,1
307,188,716,119,1
300,188,722,112,0
293,188,728,105,0
286,188,734,98,0
279,188,740,91,0
272,188,746,84,0
265,188,752,77,0
265,188,758,77,1
265,188,764,77,1
265,188,770,77,1
265,188,776,77,1
265,188,782,77,1
265,188,788,77,1
265,188,794,77,1
265,188,800,77,1
265,395,656,-130,1
265,395,662,-130,1
265,395,668,-130,1
265,395,674,-130,1
265,395,680,-130,1
265,395,686,-130,1
265,395,692,-130,1
265,395,698,-130,1
265,395,704,-130,1
265,395,710,-130,1
265,395,716,-130,1
265,395,722,-130,1
265,395,728,-130,1
265,395,734,-130,1
265,395,740,-130,1
265,395,746,-130,1
265,395,752,-130,1
265,395,758,-130,1
265,395,764,-130,1
265,395,770,-130,1
265,395,776,-130,1
265,395,782,-130,1
265,395,788,-130,1
265,395,794,-130,1
272,395,800,-123,2
279,229,506,50,2
286,229,512,57,2
293,229,518,64,2
300,510,674,-210,2
307,510,680,-203,2
314,510,686,-196,2
314,510,692,-196,1
314,510,698,-196,1
314,229,554,85,1
314,229,560,85,1
314,229,566,85,1
314,229,572,85,1
314,229,578,85,1
314,229,584,85,1
314,229,590,85,1
314,229,596,85,1
314,229,602,85,1
321,229,608,92,2
328,229,614,99,2
335,229,620,106,2
342,229,626,113,2
349,229,632,120,2
356,229,638,127,2
363,229,644,134,2
370,510,800,-140,2
370,229,656,141,1
370,229,662,141,1
370,229,668,141,1
370,229,674,141,1
370,229,680,141,1
370,229,686,141,1
370,229,692,141,1
370,229,698,141,1
370,229,704,141,1
370,229,710,141,1
370,229,716,141,1
370,229,722,141,1
370,229,728,141,1
370,229,734,141,1
370,229,740,141,1
370,229,746,141,1
370,229,752,141,1
377,229,758,148,2
384,229,764,155,2
391,266,620,125,2
398,266,626,132,2
405,266,632,139,2
412,266,638,146,2
412,266,644,146,1
412,266,650,146,1
412,266,656,146,1
412,266,662,146,1
412,266,668,146,1
412,266,674,146,1
412,266,680,146,1
412,266,686,146,1
412,266,692,146,1
412,266,698,146,1
412,266,704,146,1
412,266,710,146,1
412,266,716,146,1
405,266,722,139,0
398,266,728,132,0
391,266,734,125,0
384,266,740,118,0
377,266,746,111,0
377,266,752,111,1
377,266,758,111,1
377,266,764,111,1
377,266,770,111,1
377,266,776,111,1
377,266,782,111,1
377,266,788,111,1
377,266,794,111,1
377,266,800,111,1
377,527,656,-150,1
377,527,662,-150,1
377,527,668,-150,1
377,527,674,-150,1
377,527,680,-150,1
377,527,686,-150,1
377,527,692,-150,1
377,527,698,-150,1
377,527,704,-150,1
377,527,710,-150,1
377,527,716,-150,1
377,527,722,-150,1
377,527,728,-150,1
377,527,734,-150,1
377,527,740,-150,1
377,527,746,-150,1
377,527,752,-150,1
377,527,758,-150,1
377,527,764,-150,1
377,527,770,-150,1
384,527,776,-143,2
391,527,782,-136,2
398,527,788,-129,2
405,527,794,-122,2
412,527,800,-115,2
419,215,656,204,2
426,215,662,211,2
433,215,668,218,2
433,215,674,218,1
433,336,530,97,1
433,336,536,97,1
433,336,542,97,1
433,336,548,97,1
433,336,554,97,1
433,336,560,97,1
433,336,566,97,1
433,336,572,97,1
433,336,578,97,1
440,336,584,104,2
447,336,590,111,2
454,336,596,118,2
461,336,602,125,2
468,336,608,132,2
475,336,614,139,2
475,336,620,139,1
475,336,626,139,1
475,336,632,139,1
475,336,638,139,1
475,336,644,139,1
475,336,650,139,1
475,336,656,139,1
475,336,662,139,1
475,336,668,139,1
475,336,674,139,1
475,336,680,139,1
475,336,686,139,1
475,336,692,139,1
475,336,698,139,1
475,336,704,139,1
475,336,710,139,1
475,336,716,139,1
475,336,722,139,1
475,336,728,139,1
475,336,734,139,1
475,336,740,139,1
475,336,746,139,1
475,336,752,139,1
475,336,758,139,1
475,336,764,139,1
475,336,770,139,1
475,336,776,139,1
475,336,782,139,1
475,336,788,139,1
475,336,794,139,1
475,336,800,139,1
475,233,656,242,1
475,233,662,242,1
475,233,668,242,1
475,233,674,242,1
475,233,680,242,1
475,326,536,149,1
475,326,542,149,1
475,326,548,149,1
475,326,554,149,1
475,326,560,149,1
475,326,566,149,1
475,326,572,149,1
475,326,578,149,1
475,326,584,149,1
475,326,590,149,1
475,326,596,149,1
475,326,602,149,1
475,326,608,149,1
475,326,614,149,1
475,326,620,149,1
475,326,626,149,1
475,326,632,149,1
475,326,638,149,1
475,326,644,149,1
475,326,650,149,1
475,326,656,149,1
475,326,662,149,1
475,326,668,149,1
475,326,674,149,1
475,326,680,149,1
475,326,686,149,1
475,326,692,149,1
475,326,698,149,1
475,326,704,149,1
475,326,710,149,1
475,326,716,149,1
475,326,722,149,1
475,326,728,149,1
475,326,734,149,1
468,326,740,142,0
461,326,746,135,0
454,326,752,128,0
447,326,758,121,0
440,326,764,114,0
440,326,770,114,1
440,326,776,114,1
440,326,782,114,1
440,326,788,114,1
440,326,794,114,1
440,326,800,114,1
440,470,506,-30,1
433,470,512,-37,0
426,470,518,-44,0
419,470,524,-51,0
412,470,530,-58,0
405,470,536,-65,0
398,470,542,-72,0
391,470,548,-79,0
384,470,554,-86,0
377,470,560,-93,0
370,470,566,-100,0
363,470,572,-107,0
356,167,728,189,0
349,167,734,182,0
342,167,740,175,0
342,167,746,175,1
342,167,752,175,1
342,470,608,-128,1
342,470,614,-128,1
342,470,620,-128,1
342,470,626,-128,1
342,470,632,-128,1
342,470,638,-128,1
342,470,644,-128,1
342,470,650,-128,1
342,470,656,-128,1
342,470,662,-128,1
342,470,668,-128,1
342,470,674,-128,1
342,470,680,-128,1
342,470,686,-128,1
342,470,692,-128,1
342,470,698,-128,1
342,470,704,-128,1
342,470,710,-128,1
342,470,716,-128,1
349,470,722,-121,2
356,470,728,-114,2
363,470,734,-107,2
370,470,740,-100,2
377,470,746,-93,2
377,470,752,-93,1
377,470,758,-93,1
377,470,764,-93,1
377,470,770,-93,1
377,470,776,-93,1
377,470,782,-93,1
377,470,788,-93,1
377,470,794,-93,1
377,294,650,83,1
377,294,656,83,1
377,294,662,83,1
377,294,668,83,1
377,294,674,83,1
377,294,680,83,1
377,294,686,83,1
384,294,692,90,2
391,294,698,97,2
398,294,704,104,2
405,294,710,111,2
412,294,716,118,2
419,294,722,125,2
426,294,728,132,2
433,294,734,139,2
433,294,740,139,1
433,294,746,139,1
433,294,752,139,1
433,294,758,139,1
433,294,764,139,1
433,294,770,139,1
433,294,776,139,1
433,294,782,139,1
433,294,788,139,1
433,294,794,139,1
433,294,800,139,1
433,248,656,185,1
433,248,662,185,1
433,248,668,185,1
433,248,674,185,1
433,248,680,185,1
433,248,686,185,1
433,248,692,185,1
433,248,698,185,1
433,248,704,185,1
433,248,710,185,1
433,248,716,185,1
433,248,722,185,1
433,248,728,185,1
433,248,734,185,1
433,248,740,185,1
433,248,746,185,1
433,248,752,185,1
433,248,758,185,1
433,248,764,185,1
433,248,770,185,1
433,248,776,185,1
433,248,782,185,1
433,248,788,185,1
433,248,794,185,1
433,248,800,185,1
433,137,656,296,1
433,137,662,296,1
433,137,668,296,1
433,137,674,296,1
433,137,680,296,1
433,137,686,296,1
433,137,692,296,1
433,137,698,296,1
433,137,704,296,1
433,137,710,296,1
433,137,716,296,1
433,183,572,250,1
433,183,578,250,1
433,183,584,250,1
433,183,590,250,1
433,183,596,250,1
433,183,602,250,1
433,183,608,250,1
433,183,614,250,1
433,183,620,250,1
433,183,626,250,1
433,183,632,250,1
433,183,638,250,1
433,183,644,250,1
433,183,650,250,1
433,183,656,250,1
433,183,662,250,1
433,183,668,250,1
433,183,674,250,1
433,183,680,250,1
433,183,686,250,1
433,183,692,250,1
433,183,698,250,1
433,183,704,250,1
433,183,710,250,1
433,183,716,250,1
433,183,722,250,1
433,183,728,250,1
433,183,734,250,1
433,183,740,250,1
433,183,746,250,1
433,183,752,250,1
433,183,758,250,1
433,183,764,250,1
426,183,770,243,0
419,183,776,236,0
412,183,782,229,0
405,183,788,222,0
398,183,794,215,0
391,183,800,208,0
391,203,506,188,1
391,203,512,188,1
391,203,518,188,1
391,203,524,188,1
391,203,530,188,1
391,203,536,188,1
391,203,542,188,1
391,203,548,188,1
391,203,554,188,1
391,203,560,188,1
391,203,566,188,1
391,203,572,188,1
391,203,578,188,1
391,203,584,188,1
391,203,590,188,1
384,203,596,181,0
377,203,602,174,0
370,203,608,167,0
363,203,614,160,0
356,203,620,153,0
349,203,626,146,0
342,203,632,139,0
335,203,638,132,0
335,203,644,132,1
335,203,650,132,1
335,203,656,132,1
335,203,662,132,1
335,203,668,132,1
335,203,674,132,1
335,203,680,132,1
335,203,686,132,1
335,203,692,132,1
335,203,698,132,1
335,203,704,132,1
335,203,710,132,1
335,203,716,132,1
335,203,722,132,1
335,203,728,132,1
335,203,734,132,1
335,203,740,132,1
335,203,746,132,1
335,203,752,132,1
335,203,758,132,1
335,203,764,132,1
335,203,770,132,1
335,203,776,132,1
335,203,782,132,1
335,203,788,132,1
335,203,794,132,1
328,203,800,125,0
321,470,656,-149,0
314,470,662,-156,0
307,470,668,-163,0
300,470,674,-170,0
293,470,680,-177,0
286,470,686,-184,0
286,470,692,-184,1
286,470,698,-184,1
286,470,704,-184,1
286,470,710,-184,1
286,470,716,-184,1
286,470,722,-184,1
279,470,728,-191,0
272,470,734,-198,0
265,470,740,-205,0
258,470,746,-212,0
251,470,752,-219,0
244,470,758,-226,0
237,470,764,-233,0
237,470,770,-233,1
237,470,776,-233,1
237,470,782,-233,1
237,470,788,-233,1
237,470,794,-233,1
237,470,800,-233,1
230,487,656,-257,0
223,487,662,-264,0
216,487,668,-271,0
209,487,674,-278,0
202,487,680,-285,0
195,487,686,-292,0
195,487,692,-292,1
195,487,698,-292,1
195,487,704,-292,1
195,487,710,-292,1
195,487,716,-292,1
195,487,722,-292,1
195,487,728,-292,1
195,487,734,-292,1
195,487,740,-292,1
188,487,746,-299,0
181,487,752,-306,0
174,487,758,-313,0
167,487,764,-320,0
160,487,770,-327,0
160,487,776,-327,1
160,487,782,-327,1
160,487,788,-327,1
160,487,794,-327,1
160,487,800,-327,1
160,484,506,-324,1
160,484,512,-324,1
160,484,518,-324,1
160,484,524,-324,1
160,484,530,-324,1
160,484,536,-324,1
160,484,542,-324,1
160,484,548,-324,1
160,484,554,-324,1
160,484,560,-324,1
160,484,566,-324,1
160,484,572,-324,1
160,484,578,-324,1
160,484,584,-324,1
160,484,590,-324,1
160,484,596,-324,1
160,484,602,-324,1
160,373,458,-213,1
160,373,464,-213,1
160,373,470,-213,1
160,373,476,-213,1
160,373,482,-213,1
160,373,488,-213,1
160,373,494,-213,1
160,373,500,-213,1
160,373,506,-213,1
160,373,512,-213,1
160,373,518,-213,1
160,373,524,-213,1
153,373,530,-220,0
146,373,536,-227,0
139,373,542,-234,0
132,373,548,-241,0
125,373,554,-248,0
118,373,560,-255,0
111,373,566,-262,0
104,373,572,-269,0
97,373,578,-276,0
90,373,584,-283,0
83,373,590,-290,0
76,373,596,-297,0
69,373,602,-304,0
69,373,608,-304,1
69,373,614,-304,1
69,373,620,-304,1
69,373,626,-304,1
69,373,632,-304,1
69,373,638,-304,1
69,276,494,-207,1
69,276,500,-207,1
69,276,506,-207,1
69,276,512,-207,1
69,276,518,-207,1
69,276,524,-207,1
69,276,530,-207,1
69,276,536,-207,1
69,276,542,-207,1
69,276,548,-207,1
69,276,554,-207,1
69,276,560,-207,1
69,276,566,-207,1
69,276,572,-207,1
69,276,578,-207,1
69,276,584,-207,1
69,276,590,-207,1
69,276,596,-207,1
69,276,602,-207,1
69,276,608,-207,1
69,276,614,-207,1
69,276,620,-207,1
69,276,626,-207,1
69,276,632,-207,1
69,276,638,-207,1
69,276,644,-207,1
69,276,650,-207,1
69,276,656,-207,1
69,276,662,-207,1
69,276,668,-207,1
69,276,674,-207,1
69,276,680,-207,1
69,276,686,-207,1
69,276,692,-207,1
69,168,548,-99,1
69,168,554,-99,1
69,168,560,-99,1
69,168,566,-99,1
69,168,572,-99,1
69,168,578,-99,1
69,168,584,-99,1
69,168,590,-99,1
69,168,596,-99,1
69,168,602,-99,1
69,168,608,-99,1
69,168,614,-99,1
69,168,620,-99,1
69,168,626,-99,1
69,168,632,-99,1
69,168,638,-99,1
69,168,644,-99,1
69,168,650,-99,1
69,168,656,-99,1
69,168,662,-99,1
69,168,668,-99,1
69,168,674,-99,1
69,168,680,-99,1
69,168,686,-99,1
69,168,692,-99,1
69,168,698,-99,1
69,168,704,-99,1
69,168,710,-99,1
69,168,716,-99,1
69,168,722,-99,1
69,168,728,-99,1
69,168,734,-99,1
69,168,740,-99,1
69,168,746,-99,1
69,168,752,-99,1
69,168,758,-99,1
69,168,764,-99,1
69,168,770,-99,1
69,168,776,-99,1
69,168,782,-99,1
69,168,788,-99,1
69,168,794,-99,1
69,168,800,-99,1
69,241,656,-172,1
69,241,662,-172,1
76,241,668,-165,2
83,241,674,-158,2
90,241,680,-151,2
97,241,686,-144,2
104,241,692,-137,2
111,241,698,-130,2
111,241,704,-130,1
111,241,710,-130,1
111,241,716,-130,1
111,241,722,-130,1
111,241,728,-130,1
111,241,734,-130,1
111,241,740,-130,1
111,241,746,-130,1
111,241,752,-130,1
111,241,758,-130,1
111,241,764,-130,1
111,241,770,-130,1
111,26,626,85,1
111,26,632,85,1
111,26,638,85,1
111,26,644,85,1
118,26,650,92,2
125,26,656,99,2
132,26,662,106,2
139,26,668,113,2
146,26,674,120,2
146,26,680,120,1
146,26,686,120,1
146,26,692,120,1
146,26,698,120,1
146,26,704,120,1
146,26,710,120,1
146,26,716,120,1
146,26,722,120,1
146,26,728,120,1
146,26,734,120,1
146,26,740,120,1
146,26,746,120,1
146,26,752,120,1
146,26,758,120,1
146,26,764,120,1
146,26,770,120,1
146,26,776,120,1
146,26,782,120,1
146,235,638,-89,1
146,235,644,-89,1
146,235,650,-89,1
146,235,656,-89,1
146,235,662,-89,1
146,235,668,-89,1
146,235,674,-89,1
146,235,680,-89,1
146,235,686,-89,1
146,235,692,-89,1
146,235,698,-89,1
146,235,704,-89,1
146,235,710,-89,1
146,235,716,-89,1
146,235,722,-89,1
146,235,728,-89,1
146,235,734,-89,1
146,235,740,-89,1
146,235,746,-89,1
146,235,752,-89,1
146,235,758,-89,1
146,235,764,-89,1
146,235,770,-89,1
146,235,776,-89,1
146,235,782,-89,1
146,235,788,-89,1
146,235,794,-89,1
146,235,800,-89,1
146,300,656,-154,1
146,300,662,-154,1
146,300,668,-154,1
146,300,674,-154,1
146,300,680,-154,1
146,300,686,-154,1
146,300,692,-154,1
146,300,698,-154,1
146,300,704,-154,1
146,300,710,-154,1
153,300,716,-147,2
160,300,722,-140,2
167,300,728,-133,2
174,300,734,-126,2
181,300,740,-119,2
188,300,746,-112,2
195,300,752,-105,2
202,300,758,-98,2
209,300,764,-91,2
216,300,770,-84,2
223,300,776,-77,2
230,300,782,-70,2
237,300,788,-63,2
244,300,794,-56,2
251,300,800,-49,2
258,10,656,248,2
258,10,662,248,1
258,10,668,248,1
258,111,524,147,1
258,111,530,147,1
258,111,536,147,1
258,111,542,147,1
258,111,548,147,1
258,111,554,147,1
258,111,560,147,1
258,111,566,147,1
258,111,572,147,1
258,111,578,147,1
258,111,584,147,1
258,111,590,147,1
258,111,596,147,1
258,111,602,147,1
258,111,608,147,1
258,111,614,147,1
258,111,620,147,1
258,111,626,147,1
258,111,632,147,1
258,111,638,147,1
258,111,644,147,1
258,111,650,147,1
258,111,656,147,1
265,111,662,154,2
272,111,668,161,2
279,111,674,168,2
286,111,680,175,2
293,111,686,182,2
300,111,692,189,2
307,111,698,196,2
314,111,704,203,2
314,111,710,203,1
314,111,716,203,1
314,111,722,203,1
314,111,728,203,1
314,111,734,203,1
314,111,740,203,1
314,111,746,203,1
314,111,752,203,1
314,111,758,203,1
314,111,764,203,1
314,111,770,203,1
314,111,776,203,1
314,111,782,203,1
314,111,788,203,1
314,111,794,203,1
314,111,800,203,1
314,103,506,211,1
314,103,512,211,1
314,103,518,211,1
314,103,524,211,1
314,103,530,211,1
314,103,536,211,1
314,103,542,211,1
314,103,548,211,1
314,103,554,211,1
314,103,560,211,1
314,103,566,211,1
314,103,572,211,1
314,103,578,211,1
321,103,584,218,2
328,103,590,225,2
335,103,596,232,2
342,103,602,239,2
349,103,608,246,2
356,299,464,57,2
363,299,470,64,2
370,299,476,71,2
377,299,482,78,2
384,299,488,85,2
391,299,494,92,2
398,299,500,99,2
405,299,506,106,2
412,299,512,113,2
419,299,518,120,2
426,299,524,127,2
433,299,530,134,2
433,299,536,134,1
433,299,542,134,1
433,299,548,134,1
433,299,554,134,1
433,299,560,134,1
433,299,566,134,1
433,299,572,134,1
433,299,578,134,1
433,299,584,134,1
433,299,590,134,1
433,299,596,134,1
433,299,602,134,1
433,299,608,134,1
433,299,614,134,1
433,299,620,134,1
433,299,626,134,1
433,299,632,134,1
433,299,638,134,1
433,299,644,134,1
433,299,650,134,1
433,299,656,134,1
433,299,662,134,1
433,299,668,134,1
433,299,674,134,1
433,299,680,134,1
433,299,686,134,1
433,299,692,134,1
433,299,698,134,1
433,299,704,134,1
433,299,710,134,1
433,299,716,134,1
433,299,722,134,1
433,299,728,134,1
433,299,734,134,1
433,299,740,134,1
433,299,746,134,1
426,299,752,127,0
419,299,758,120,0
412,299,764,113,0
405,299,770,106,0
398,299,776,99,0
391,299,782,92,0
384,299,788,85,0
377,299,794,78,0
370,299,800,71,0
363,478,506,-115,0
356,478,512,-122,0
356,478,518,-122,1
356,478,524,-122,1
356,478,530,-122,1
356,478,536,-122,1
356,478,542,-122,1
356,478,548,-122,1
356,478,554,-122,1
356,478,560,-122,1
356,478,566,-122,1
356,478,572,-122,1
356,478,578,-122,1
356,478,584,-122,1
356,478,590,-122,1
356,478,596,-122,1
356,478,602,-122,1
356,478,608,-122,1
356,478,614,-122,1
349,478,620,-129,0
342,478,626,-136,0
335,478,632,-143,0
328,478,638,-150,0
321,478,644,-157,0
314,478,650,-164,0
307,478,656,-171,0
300,478,662,-178,0
300,478,668,-178,1
300,478,674,-178,1
300,478,680,-178,1
300,478,686,-178,1
300,478,692,-178,1
300,478,698,-178,1
300,478,704,-178,1
300,478,710,-178,1
300,478,716,-178,1
300,478,722,-178,1
300,478,728,-178,1
300,478,734,-178,1
300,478,740,-178,1
300,478,746,-178,1
300,478,752,-178,1
300,478,758,-178,1
300,478,764,-178,1
300,478,770,-178,1
300,478,776,-178,1
300,478,782,-178,1
300,478,788,-178,1
300,478,794,-178,1
300,478,800,-178,1
300,113,656,187,1
300,113,662,187,1
300,113,668,187,1
300,113,674,187,1
300,113,680,187,1
300,113,686,187,1
300,113,692,187,1
300,113,698,187,1
300,113,704,187,1
300,113,710,187,1
300,113,716,187,1
300,113,722,187,1
300,113,728,187,1
300,113,734,187,1
300,113,740,187,1
300,113,746,187,1
300,166,602,134,1
300,166,608,134,1
300,166,614,134,1
300,166,620,134,1
300,166,626,134,1
300,166,632,134,1
300,166,638,134,1
300,166,644,134,1
300,166,650,134,1
300,166,656,134,1
300,166,662,134,1
300,166,668,134,1
300,166,674,134,1
300,166,680,134,1
300,166,686,134,1
300,166,692,134,1
300,166,698,134,1
300,166,704,134,1
300,166,710,134,1
300,166,716,134,1
293,166,722,127,0
286,166,728,120,0
279,166,734,113,0
272,166,740,106,0
265,166,746,99,0
258,166,752,92,0
251,166,758,85,0
244,166,764,78,0
237,166,770,71,0
230,166,776,64,0
223,166,782,57,0
216,166,788,50,0
216,166,794,50,1
216,166,800,50,1
216,371,656,-155,1
216,371,662,-155,1
216,371,668,-155,1
216,371,674,-155,1
216,371,680,-155,1
216,371,686,-155,1
216,371,692,-155,1
216,371,698,-155,1
216,371,704,-155,1
216,371,710,-155,1
216,371,716,-155,1
216,371,722,-155,1
216,371,728,-155,1
216,371,734,-155,1
216,371,740,-155,1
216,371,746,-155,1
216,371,752,-155,1
216,371,758,-155,1
216,371,764,-155,1
216,371,770,-155,1
216,371,776,-155,1
216,371,782,-155,1
216,371,788,-155,1
216,371,794,-155,1
216,371,800,-155,1
216,29,656,187,1
216,29,662,187,1
216,29,668,187,1
216,29,674,187,1
216,29,680,187,1
216,29,686,187,1
216,29,692,187,1
216,29,698,187,1
216,29,704,187,1
216,29,710,187,1
216,29,716,187,1
216,29,722,187,1
216,29,728,187,1
216,29,734,187,1
216,29,740,187,1
216,29,746,187,1
216,29,752,187,1
216,73,608,143,1
216,73,614,143,1
216,73,620,143,1
216,73,626,143,1
216,73,632,143,1
216,73,638,143,1
216,73,644,143,1
216,73,650,143,1
216,73,656,143,1
216,73,662,143,1
216,73,668,143,1
216,73,674,143,1
216,73,680,143,1
216,73,686,143,1
216,73,692,143,1
216,73,698,143,1
216,73,704,143,1
216,73,710,143,1
216,73,716,143,1
216,73,722,143,1
216,73,728,143,1
216,73,734,143,1
216,73,740,143,1
216,73,746,143,1
216,73,752,143,1
216,73,758,143,1
216,73,764,143,1
216,73,770,143,1
216,73,776,143,1
216,73,782,143,1
216,73,788,143,1
216,73,794,143,1
216,73,800,143,1
216,405,656,-189,1
216,405,662,-189,1
216,405,668,-189,1
216,405,674,-189,1
216,405,680,-189,1
216,405,686,-189,1
216,405,692,-189,1
216,405,698,-189,1
216,405,704,-189,1
216,405,710,-189,1
216,405,716,-189,1
216,405,722,-189,1
216,405,728,-189,1
216,405,734,-189,1
216,405,740,-189,1
216,405,746,-189,1
216,405,752,-189,1
216,405,758,-189,1
216,405,764,-189,1
216,405,770,-189,1
216,405,776,-189,1
216,405,782,-189,1
216,405,788,-189,1
216,405,794,-189,1
216,405,800,-189,1
216,473,656,-257,1
216,473,662,-257,1
216,473,668,-257,1
216,473,674,-257,1
216,473,680,-257,1
216,473,686,-257,1
216,473,692,-257,1
216,473,698,-257,1
216,473,704,-257,1
216,473,710,-257,1
216,473,716,-257,1
216,473,722,-257,1
216,473,728,-257,1
216,473,734,-257,1
216,430,590,-214,1
216,430,596,-214,1
216,430,602,-214,1
216,430,608,-214,1
216,430,614,-214,1
216,430,620,-214,1
216,430,626,-214,1
216,430,632,-214,1
216,430,638,-214,1
216,430,644,-214,1
216,430,650,-214,1
216,430,656,-214,1
216,430,662,-214,1
216,430,668,-214,1
216,430,674,-214,1
216,430,680,-214,1
216,430,686,-214,1
216,322,542,-106,1
216,322,548,-106,1
216,322,554,-106,1
216,322,560,-106,1
216,322,566,-106,1
216,322,572,-106,1
216,322,578,-106,1
216,322,584,-106,1
216,322,590,-106,1
216,322,596,-106,1
216,322,602,-106,1
216,322,608,-106,1
216,322,614,-106,1
216,322,620,-106,1
216,322,626,-106,1
216,322,632,-106,1
216,322,638,-106,1
216,322,644,-106,1
216,322,650,-106,1
216,322,656,-106,1
216,322,662,-106,1
216,322,668,-106,1
216,322,674,-106,1
216,322,680,-106,1
216,322,686,-106,1
216,322,692,-106,1
216,322,698,-106,1
216,322,704,-106,1
216,322,710,-106,1
216,322,716,-106,1
216,322,722,-106,1
216,322,728,-106,1
216,322,734,-106,1
216,322,740,-106,1
216,322,746,-106,1
216,322,752,-106,1
216,322,758,-106,1
216,322,764,-106,1
216,322,770,-106,1
216,322,776,-106,1
216,322,782,-106,1
216,322,788,-106,1
216,322,794,-106,1
216,322,800,-106,1
216,84,656,132,1
216,84,662,132,1
216,84,668,132,1
216,84,674,132,1
216,84,680,132,1
216,84,686,132,1
216,84,692,132,1
216,84,698,132,1
216,84,704,132,1
216,84,710,132,1
216,84,716,132,1
216,84,722,132,1
216,84,728,132,1
223,84,734,139,2
230,84,740,146,2
237,84,746,153,2
244,84,752,160,2
251,84,758,167,2
258,84,764,174,2
258,84,770,174,1
258,84,776,174,1
258,84,782,174,1
258,84,788,174,1
258,84,794,174,1
258,84,800,174,1
258,333,506,-75,1
258,333,512,-75,1
251,333,518,-82,0
244,333,524,-89,0
237,333,530,-96,0
230,333,536,-103,0
223,333,542,-110,0
216,333,548,-117,0
209,333,554,-124,0
209,333,560,-124,1
209,333,566,-124,1
209,333,572,-124,1
209,333,578,-124,1
209,333,584,-124,1
209,333,590,-124,1
209,333,596,-124,1
209,333,602,-124,1
209,333,608,-124,1
209,333,614,-124,1
209,333,620,-124,1
209,333,626,-124,1
209,333,632,-124,1
209,333,638,-124,1
209,333,644,-124,1
209,333,650,-124,1
209,333,656,-124,1
209,333,662,-124,1
209,333,668,-124,1
209,333,674,-124,1
209,333,680,-124,1
209,333,686,-124,1
209,333,692,-124,1
209,333,698,-124,1
209,333,704,-124,1
209,333,710,-124,1
209,333,716,-124,1
209,333,722,-124,1
209,333,728,-124,1
209,333,734,-124,1
209,333,740,-124,1
209,333,746,-124,1
209,333,752,-124,1
209,333,758,-124,1
216,333,764,-117,2
223,333,770,-110,2
230,333,776,-103,2
237,333,782,-96,2
237,333,788,-96,1
237,333,794,-96,1
237,333,800,-96,1
237,89,656,148,1
237,89,662,148,1
237,89,668,148,1
237,89,674,148,1
237,89,680,148,1
237,89,686,148,1
237,89,692,148,1
237,89,698,148,1
237,89,704,148,1
237,89,710,148,1
237,89,716,148,1
237,89,722,148,1
237,89,728,148,1
237,89,734,148,1
237,89,740,148,1
237,89,746,148,1
237,89,752,148,1
237,89,758,148,1
237,89,764,148,1
237,89,770,148,1
237,89,776,148,1
237,89,782,148,1
237,89,788,148,1
237,89,794,148,1
237,89,800,148,1
237,414,506,-177,1
237,414,512,-177,1
237,414,518,-177,1
237,414,524,-177,1
237,414,530,-177,1
237,414,536,-177,1
237,414,542,-177,1
237,414,548,-177,1
237,414,554,-177,1
237,414,560,-177,1
237,414,566,-177,1
237,414,572,-177,1
237,414,578,-177,1
237,414,584,-177,1
237,414,590,-177,1
237,414,596,-177,1
237,414,602,-177,1
237,414,608,-177,1
237,414,614,-177,1
237,414,620,-177,1
237,414,626,-177,1
237,414,632,-177,1
237,414,638,-177,1
237,414,644,-177,1
237,414,650,-177,1
237,414,656,-177,1
237,414,662,-177,1
237,414,668,-177,1
237,414,674,-177,1
237,414,680,-177,1
237,414,686,-177,1
237,414,692,-177,1
237,414,698,-177,1
237,414,704,-177,1
237,414,710,-177,1
237,414,716,-177,1
237,414,722,-177,1
237,414,728,-177,1
237,414,734,-177,1
237,414,740,-177,1
237,414,746,-177,1
237,414,752,-177,1
237,414,758,-177,1
237,414,764,-177,1
237,414,770,-177,1
244,414,776,-170,2
251,414,782,-163,2
258,414,788,-156,2
265,414,794,-149,2
272,414,800,-142,2
279,210,506,69,2
286,210,512,76,2
293,210,518,83,2
300,210,524,90,2
307,210,530,97,2
314,210,536,104,2
321,210,542,111,2
321,210,548,111,1
321,210,554,111,1
321,210,560,111,1
321,210,566,111,1
321,210,572,111,1
321,210,578,111,1
321,210,584,111,1
321,210,590,111,1
321,210,596,111,1
321,210,602,111,1
321,210,608,111,1
328,210,614,118,2
335,210,620,125,2
342,210,626,132,2
349,210,632,139,2
356,210,638,146,2
363,210,644,153,2
370,210,650,160,2
377,210,656,167,2
384,210,662,174,2
391,210,668,181,2
398,210,674,188,2
405,210,680,195,2
412,210,686,202,2
412,210,692,202,1
412,210,698,202,1
412,210,704,202,1
412,210,710,202,1
412,210,716,202,1
412,210,722,202,1
412,280,578,132,1
412,280,584,132,1
412,280,590,132,1
412,280,596,132,1
412,280,602,132,1
419,280,608,139,2
426,280,614,146,2
433,280,620,153,2
440,280,626,160,2
447,280,632,167,2
454,280,638,174,2
461,280,644,181,2
468,280,650,188,2
475,280,656,195,2
482,280,662,202,2
489,280,668,209,2
489,280,674,209,1
489,280,680,209,1
489,280,686,209,1
489,280,692,209,1
489,280,698,209,1
489,381,554,108,1
489,381,560,108,1
489,381,566,108,1
489,381,572,108,1
489,381,578,108,1
489,381,584,108,1
489,381,590,108,1
489,381,596,108,1
489,381,602,108,1
489,381,608,108,1
489,381,614,108,1
489,381,620,108,1
489,381,626,108,1
489,381,632,108,1
489,381,638,108,1
489,381,644,108,1
489,381,650,108,1
489,381,656,108,1
489,381,662,108,1
489,381,668,108,1
489,381,674,108,1
489,381,680,108,1
489,381,686,108,1
489,381,692,108,1
489,381,698,108,1
489,381,704,108,1
489,381,710,108,1
489,381,716,108,1
489,381,722,108,1
489,381,728,108,1
489,381,734,108,1
489,381,740,108,1
489,381,746,108,1
489,381,752,108,1
489,381,758,108,1
489,381,764,108,1
489,381,770,108,1
489,381,776,108,1
489,381,782,108,1
489,381,788,108,1
482,381,794,101,0
475,381,800,94,0
468,229,656,239,0
461,229,662,232,0
454,229,668,225,0
447,229,674,218,0
440,229,680,211,0
433,229,686,204,0
426,229,692,197,0
419,229,698,190,0
419,229,704,190,1
419,229,710,190,1
419,229,716,190,1
419,229,722,190,1
419,229,728,190,1
419,229,734,190,1
419,229,740,190,1
419,229,746,190,1
419,229,752,190,1
419,229,758,190,1
419,229,764,190,1
419,229,770,190,1
419,229,776,190,1
419,229,782,190,1
419,229,788,190,1
419,229,794,190,1
419,229,800,190,1
419,226,506,193,1
419,226,512,193,1
419,226,518,193,1
419,226,524,193,1
419,226,530,193,1
419,226,536,193,1
419,226,542,193,1
419,226,548,193,1
419,226,554,193,1
419,226,560,193,1
419,226,566,193,1
419,226,572,193,1
419,226,578,193,1
419,226,584,193,1
419,226,590,193,1
419,226,596,193,1
419,226,602,193,1
419,226,608,193,1
419,226,614,193,1
419,226,620,193,1
419,226,626,193,1
419,226,632,193,1
419,226,638,193,1
419,226,644,193,1
419,226,650,193,1
419,226,656,193,1
419,226,662,193,1
419,226,668,193,1
419,226,674,193,1
419,226,680,193,1
419,226,686,193,1
419,226,692,193,1
419,226,698,193,1
419,226,704,193,1
419,226,710,193,1
419,226,716,193,1
419,226,722,193,1
412,226,728,186,0
405,226,734,179,0
398,226,740,172,0
391,226,746,165,0
384,226,752,158,0
377,226,758,151,0
370,226,764,144,0
370,226,770,144,1
370,226,776,144,1
370,226,782,144,1
370,226,788,144,1
370,226,794,144,1
370,226,800,144,1
370,127,656,243,1
370,245,512,125,1
370,245,518,125,1
370,245,524,125,1
370,245,530,125,1
370,245,536,125,1
370,245,542,125,1
370,245,548,125,1
370,245,554,125,1
370,245,560,125,1
370,245,566,125,1
370,245,572,125,1
370,245,578,125,1
370,245,584,125,1
370,245,590,125,1
370,245,596,125,1
370,245,602,125,1
370,245,608,125,1
370,245,614,125,1
370,245,620,125,1
370,245,626,125,1
370,245,632,125,1
370,245,638,125,1
370,245,644,125,1
370,245,650,125,1
370,245,656,125,1
370,245,662,125,1
370,245,668,125,1
370,245,674,125,1
370,245,680,125,1
370,245,686,125,1
370,245,692,125,1
370,245,698,125,1
370,245,704,125,1
370,245,710,125,1
363,245,716,118,0
356,245,722,111,0
349,245,728,104,0
342,245,734,97,0
335,245,740,90,0
328,245,746,83,0
321,245,752,76,0
314,245,758,69,0
307,245,764,62,0
300,245,770,55,0
300,245,776,55,1
300,245,782,55,1
300,245,788,55,1
300,245,794,55,1
300,245,800,55,1
300,490,656,-190,1
300,490,662,-190,1
300,490,668,-190,1
300,490,674,-190,1
300,490,680,-190,1
300,490,686,-190,1
300,490,692,-190,1
300,490,698,-190,1
300,490,704,-190,1
300,490,710,-190,1
300,490,716,-190,1
300,490,722,-190,1
293,490,728,-197,0
286,427,584,-141,0
279,427,590,-148,0
272,427,596,-155,0
265,427,602,-162,0
258,427,608,-169,0
258,427,614,-169,1
258,427,620,-169,1
258,427,626,-169,1
258,427,632,-169,1
258,427,638,-169,1
258,427,644,-169,1
258,427,650,-169,1
258,427,656,-169,1
258,427,662,-169,1
258,427,668,-169,1
258,427,674,-169,1
258,427,680,-169,1
258,427,686,-169,1
258,427,692,-169,1
258,427,698,-169,1
258,427,704,-169,1
258,427,710,-169,1
258,427,716,-169,1
258,427,722,-169,1
258,427,728,-169,1
258,427,734,-169,1
258,427,740,-169,1
258,427,746,-169,1
258,427,752,-169,1
258,427,758,-169,1
258,427,764,-169,1
258,427,770,-169,1
258,427,776,-169,1
258,427,782,-169,1
258,427,788,-169,1
258,427,794,-169,1
258,427,800,-169,1
258,85,656,173,1
258,85,662,173,1
258,85,668,173,1
258,85,674,173,1
258,85,680,173,1
258,85,686,173,1
258,85,692,173,1
258,85,698,173,1
258,85,704,173,1
258,85,710,173,1
265,85,716,180,2
272,85,722,187,2
279,159,578,120,2
286,159,584,127,2
293,159,590,134,2
300,159,596,141,2
300,159,602,141,1
300,159,608,141,1
300,159,614,141,1
300,159,620,141,1
300,159,626,141,1
300,159,632,141,1
300,159,638,141,1
300,159,644,141,1
300,159,650,141,1
300,159,656,141,1
300,159,662,141,1
300,159,668,141,1
300,159,674,141,1
300,159,680,141,1
300,159,686,141,1
300,159,692,141,1
300,159,698,141,1
300,159,704,141,1
300,159,710,141,1
300,159,716,141,1
300,159,722,141,1
300,159,728,141,1
300,159,734,141,1
293,159,740,134,0
286,159,746,127,0
279,159,752,120,0
272,159,758,113,0
265,159,764,106,0
258,159,770,99,0
251,159,776,92,0
244,159,782,85,0
237,159,788,78,0
237,159,794,78,1
237,159,800,78,1
237,468,656,-231,1
237,468,662,-231,1
237,468,668,-231,1
237,468,674,-231,1
237,468,680,-231,1
237,468,686,-231,1
237,468,692,-231,1
237,468,698,-231,1
237,468,704,-231,1
237,468,710,-231,1
237,468,716,-231,1
237,401,572,-164,1
237,401,578,-164,1
237,401,584,-164,1
237,401,590,-164,1
237,401,596,-164,1
237,401,602,-164,1
237,401,608,-164,1
237,401,614,-164,1
237,401,620,-164,1
237,401,626,-164,1
237,401,632,-164,1
237,401,638,-164,1
237,401,644,-164,1
237,401,650,-164,1
237,401,656,-164,1
237,401,662,-164,1
237,401,668,-164,1
237,401,674,-164,1
237,401,680,-164,1
237,401,686,-164,1
237,401,692,-164,1
230,401,698,-171,0
223,401,704,-178,0
216,401,710,-185,0
209,401,716,-192,0
202,401,722,-199,0
195,401,728,-206,0
188,401,734,-213,0
181,401,740,-220,0
181,401,746,-220,1
181,401,752,-220,1
181,401,758,-220,1
181,401,764,-220,1
181,401,770,-220,1
181,401,776,-220,1
181,401,782,-220,1
181,401,788,-220,1
181,401,794,-220,1
181,401,800,-220,1
181,556,656,-375,1
181,556,662,-375,1
181,556,668,-375,1
181,556,674,-375,1
181,556,680,-375,1
181,556,686,-375,1
181,556,692,-375,1
181,556,698,-375,1
181,511,554,-330,1
181,511,560,-330,1
181,511,566,-330,1
181,511,572,-330,1
181,511,578,-330,1
181,511,584,-330,1
181,511,590,-330,1
181,511,596,-330,1
181,511,602,-330,1
181,511,608,-330,1
181,511,614,-330,1
181,511,620,-330,1
181,511,626,-330,1
181,511,632,-330,1
181,511,638,-330,1
181,511,644,-330,1
181,428,500,-247,1
181,428,506,-247,1
181,428,512,-247,1
181,428,518,-247,1
181,428,524,-247,1
181,428,530,-247,1
181,428,536,-247,1
181,428,542,-247,1
181,428,548,-247,1
181,428,554,-247,1
181,428,560,-247,1
181,428,566,-247,1
181,428,572,-247,1
181,428,578,-247,1
181,428,584,-247,1
181,428,590,-247,1
181,428,596,-247,1
181,428,602,-247,1
181,428,608,-247,1
181,428,614,-247,1
181,428,620,-247,1
181,428,626,-247,1
181,428,632,-247,1
181,428,638,-247,1
181,428,644,-247,1
181,65,500,116,1
181,65,506,116,1
181,65,512,116,1
181,65,518,116,1
181,65,524,116,1
181,65,530,116,1
181,65,536,116,1
181,65,542,116,1
188,65,548,123,2
195,65,554,130,2
202,65,560,137,2
209,65,566,144,2
216,428,722,-212,2
223,428,728,-205,2
230,428,734,-198,2
230,428,740,-198,1
230,428,746,-198,1
230,428,752,-198,1
230,428,758,-198,1
230,428,764,-198,1
230,65,620,165,1
230,65,626,165,1
230,65,632,165,1
230,65,638,165,1
230,65,644,165,1
230,65,650,165,1
230,65,656,165,1
230,65,662,165,1
230,65,668,165,1
230,65,674,165,1
230,65,680,165,1
230,65,686,165,1
230,65,692,165,1
230,65,698,165,1
230,65,704,165,1
230,65,710,165,1
230,65,716,165,1
230,65,722,165,1
223,65,728,158,0
216,65,734,151,0
209,65,740,144,0
202,65,746,137,0
195,65,752,130,0
188,65,758,123,0
181,65,764,116,0
174,65,770,109,0
174,65,776,109,1
174,65,782,109,1
174,65,788,109,1
174,65,794,109,1
174,65,800,109,1
174,275,506,-101,1
174,275,512,-101,1
174,275,518,-101,1
174,275,524,-101,1
174,275,530,-101,1
174,275,536,-101,1
174,275,542,-101,1
174,275,548,-101,1
174,275,554,-101,1
174,275,560,-101,1
174,275,566,-101,1
167,275,572,-108,0
160,275,578,-115,0
153,275,584,-122,0
146,275,590,-129,0
139,275,596,-136,0
139,275,602,-136,1
139,275,608,-136,1
139,275,614,-136,1
139,275,620,-136,1
139,275,626,-136,1
139,275,632,-136,1
139,275,638,-136,1
139,275,644,-136,1
139,275,650,-136,1
139,275,656,-136,1
139,275,662,-136,1
139,275,668,-136,1
139,275,674,-136,1
139,275,680,-136,1
139,275,686,-136,1
139,275,692,-136,1
139,275,698,-136,1
139,275,704,-136,1
139,275,710,-136,1
139,275,716,-136,1
139,275,722,-136,1
139,275,728,-136,1
139,275,734,-136,1
139,275,740,-136,1
139,275,746,-136,1
139,275,752,-136,1
139,275,758,-136,1
139,275,764,-136,1
139,53,620,86,1
139,53,626,86,1
139,53,632,86,1
139,53,638,86,1
146,53,644,93,2
153,53,650,100,2
160,53,656,107,2
167,53,662,114,2
174,53,668,121,2
181,53,674,128,2
181,53,680,128,1
181,53,686,128,1
181,53,692,128,1
181,53,698,128,1
181,53,704,128,1
181,53,710,128,1
181,53,716,128,1
181,53,722,128,1
181,53,728,128,1
181,53,734,128,1
181,53,740,128,1
181,53,746,128,1
181,53,752,128,1
188,53,758,135,2
195,53,764,142,2
202,53,770,149,2
209,53,776,156,2
216,53,782,163,2
223,53,788,170,2
230,53,794,177,2
237,53,800,184,2
244,450,656,-206,2
244,450,662,-206,1
244,450,668,-206,1
244,450,674,-206,1
244,450,680,-206,1
244,450,686,-206,1
244,450,692,-206,1
244,450,698,-206,1
244,450,704,-206,1
244,450,710,-206,1
244,450,716,-206,1
244,450,722,-206,1
244,450,728,-206,1
244,99,584,145,1
244,99,590,145,1
244,99,596,145,1
244,99,602,145,1
244,99,608,145,1
244,99,614,145,1
244,99,620,145,1
244,99,626,145,1
244,99,632,145,1
244,99,638,145,1
244,99,644,145,1
244,99,650,145,1
244,99,656,145,1
244,99,662,145,1
244,99,668,145,1
244,99,674,145,1
244,99,680,145,1
244,99,686,145,1
244,99,692,145,1
244,99,698,145,1
244,99,704,145,1
244,99,710,145,1
244,99,716,145,1
244,99,722,145,1
244,99,728,145,1
244,99,734,145,1
244,99,740,145,1
244,99,746,145,1
244,99,752,145,1
244,99,758,145,1
244,99,764,145,1
244,99,770,145,1
244,99,776,145,1
244,99,782,145,1
244,99,788,145,1
244,99,794,145,1
244,99,800,145,1
244,82,656,162,1
244,82,662,162,1
244,82,668,162,1
244,82,674,162,1
244,82,680,162,1
244,82,686,162,1
244,82,692,162,1
244,82,698,162,1
244,82,704,162,1
244,82,710,162,1
244,82,716,162,1
244,82,722,162,1
244,82,728,162,1
244,82,734,162,1
244,82,740,162,1
244,335,596,-91,1
244,335,602,-91,1
237,335,608,-98,0
230,82,764,148,0
223,82,770,141,0
216,82,776,134,0
216,82,782,134,1
216,82,788,134,1
216,335,644,-119,1
216,335,650,-119,1
216,335,656,-119,1
216,335,662,-119,1
216,335,668,-119,1
216,335,674,-119,1
216,335,680,-119,1
216,335,686,-119,1
216,335,692,-119,1
216,335,698,-119,1
216,335,704,-119,1
216,335,710,-119,1
216,335,716,-119,1
216,335,722,-119,1
216,335,728,-119,1
216,335,734,-119,1
216,335,740,-119,1
216,335,746,-119,1
216,335,752,-119,1
216,335,758,-119,1
216,335,764,-119,1
216,335,770,-119,1
216,335,776,-119,1
216,335,782,-119,1
216,335,788,-119,1
216,335,794,-119,1
216,335,800,-119,1
216,453,656,-237,1
216,453,662,-237,1
216,453,668,-237,1
216,453,674,-237,1
223,453,680,-230,2
230,453,686,-223,2
237,453,692,-216,2
244,453,698,-209,2
251,453,704,-202,2
258,453,710,-195,2
265,453,716,-188,2
272,453,722,-181,2
279,453,728,-174,2
279,453,734,-174,1
279,453,740,-174,1
279,453,746,-174,1
279,453,752,-174,1
279,453,758,-174,1
279,453,764,-174,1
279,453,770,-174,1
279,453,776,-174,1
279,453,782,-174,1
279,453,788,-174,1
279,453,794,-174,1
279,453,800,-174,1
279,169,506,110,1
279,169,512,110,1
279,169,518,110,1
279,169,524,110,1
279,169,530,110,1
279,169,536,110,1
286,169,542,117,2
293,169,548,124,2
300,169,554,131,2
307,169,560,138,2
314,169,566,145,2
314,169,572,145,1
314,169,578,145,1
314,169,584,145,1
314,169,590,145,1
314,169,596,145,1
314,169,602,145,1
314,169,608,145,1
314,169,614,145,1
314,169,620,145,1
314,169,626,145,1
314,169,632,145,1
314,169,638,145,1
314,169,644,145,1
314,169,650,145,1
314,169,656,145,1
314,169,662,145,1
314,169,668,145,1
314,169,674,145,1
314,169,680,145,1
314,169,686,145,1
314,169,692,145,1
314,169,698,145,1
314,169,704,145,1
314,169,710,145,1
314,169,716,145,1
314,169,722,145,1
314,169,728,145,1
314,169,734,145,1
314,169,740,145,1
314,169,746,145,1
314,169,752,145,1
314,169,758,145,1
314,169,764,145,1
314,169,770,145,1
314,169,776,145,1
314,169,782,145,1
314,169,788,145,1
314,169,794,145,1
314,169,800,145,1
314,527,656,-213,1
314,527,662,-213,1
314,527,668,-213,1
314,527,674,-213,1
314,527,680,-213,1
314,527,686,-213,1
314,527,692,-213,1
314,527,698,-213,1
314,527,704,-213,1
314,527,710,-213,1
314,527,716,-213,1
314,527,722,-213,1
314,527,728,-213,1
314,527,734,-213,1
314,527,740,-213,1
314,527,746,-213,1
314,527,752,-213,1
314,527,758,-213,1
314,527,764,-213,1
314,527,770,-213,1
314,125,626,189,1
314,125,632,189,1
314,125,638,189,1
314,125,644,189,1
314,125,650,189,1
314,125,656,189,1
314,125,662,189,1
314,125,668,189,1
314,125,674,189,1
314,125,680,189,1
314,125,686,189,1
314,125,692,189,1
314,125,698,189,1
314,125,704,189,1
314,125,710,189,1
314,125,716,189,1
314,125,722,189,1
314,125,728,189,1
314,125,734,189,1
314,125,740,189,1
314,125,746,189,1
314,125,752,189,1
314,125,758,189,1
314,125,764,189,1
314,125,770,189,1
314,125,776,189,1
314,125,782,189,1
314,125,788,189,1
314,125,794,189,1
314,125,800,189,1
314,183,506,131,1
314,183,512,131,1
314,183,518,131,1
314,183,524,131,1
314,183,530,131,1
314,183,536,131,1
314,183,542,131,1
314,183,548,131,1
314,183,554,131,1
314,183,560,131,1
314,183,566,131,1
314,183,572,131,1
314,183,578,131,1
314,183,584,131,1
314,183,590,131,1
314,183,596,131,1
314,183,602,131,1
314,183,608,131,1
314,183,614,131,1
314,183,620,131,1
314,183,626,131,1
314,183,632,131,1
314,183,638,131,1
314,183,644,131,1
314,183,650,131,1
314,183,656,131,1
314,183,662,131,1
314,183,668,131,1
314,183,674,131,1
314,183,680,131,1
314,183,686,131,1
314,183,692,131,1
314,183,698,131,1
314,183,704,131,1
314,183,710,131,1
314,183,716,131,1
314,183,722,131,1
314,183,728,131,1
314,183,734,131,1
314,183,740,131,1
314,183,746,131,1
314,183,752,131,1
314,183,758,131,1
314,183,764,131,1
314,183,770,131,1
314,183,776,131,1
314,183,782,131,1
314,183,788,131,1
314,183,794,131,1
314,436,650,-122,1
314,436,656,-122,1
314,436,662,-122,1
314,436,668,-122,1
314,436,674,-122,1
314,436,680,-122,1
314,436,686,-122,1
314,436,692,-122,1
314,436,698,-122,1
314,436,704,-122,1
314,436,710,-122,1
314,436,716,-122,1
314,436,722,-122,1
314,436,728,-122,1
314,436,734,-122,1
314,436,740,-122,1
314,436,746,-122,1
314,436,752,-122,1
314,436,758,-122,1
314,436,764,-122,1
314,436,770,-122,1
314,436,776,-122,1
314,436,782,-122,1
314,436,788,-122,1
314,436,794,-122,1
314,436,800,-122,1
314,124,656,190,1
314,124,662,190,1
314,124,668,190,1
314,124,674,190,1
314,124,680,190,1
314,124,686,190,1
314,124,692,190,1
314,124,698,190,1
314,124,704,190,1
314,124,710,190,1
314,124,716,190,1
314,124,722,190,1
314,124,728,190,1
314,124,734,190,1
314,124,740,190,1
314,124,746,190,1
314,124,752,190,1
314,458,608,-144,1
314,458,614,-144,1
314,458,620,-144,1
307,458,626,-151,0
300,124,782,176,0
293,124,788,169,0
286,124,794,162,0
279,124,800,155,0
272,458,656,-186,0
265,458,662,-193,0
258,458,668,-200,0
251,290,524,-39,0
244,290,530,-46,0
237,290,536,-53,0
230,290,542,-60,0
230,290,548,-60,1
230,290,554,-60,1
230,290,560,-60,1
230,290,566,-60,1
230,290,572,-60,1
230,290,578,-60,1
223,290,584,-67,0
216,290,590,-74,0
209,290,596,-81,0
202,290,602,-88,0
195,290,608,-95,0
188,290,614,-102,0
181,290,620,-109,0
174,290,626,-116,0
167,290,632,-123,0
160,290,638,-130,0
153,290,644,-137,0
146,290,650,-144,0
139,290,656,-151,0
139,290,662,-151,1
139,290,668,-151,1
139,290,674,-151,1
139,290,680,-151,1
139,290,686,-151,1
139,290,692,-151,1
139,290,698,-151,1
139,290,704,-151,1
139,290,710,-151,1
139,290,716,-151,1
139,290,722,-151,1
139,290,728,-151,1
139,290,734,-151,1
139,290,740,-151,1
139,290,746,-151,1
139,290,752,-151,1
139,290,758,-151,1
139,290,764,-151,1
139,290,770,-151,1
139,290,776,-151,1
146,290,782,-144,2
153,290,788,-137,2
160,290,794,-130,2
167,290,800,-123,2
174,45,506,129,2
181,45,512,136,2
188,45,518,143,2
188,45,524,143,1
188,45,530,143,1
188,45,536,143,1
188,45,542,143,1
188,45,548,143,1
188,45,554,143,1
188,45,560,143,1
188,45,566,143,1
188,45,572,143,1
188,45,578,143,1
188,45,584,143,1
188,45,590,143,1
188,45,596,143,1
195,45,602,150,2
202,45,608,157,2
209,45,614,164,2
216,45,620,171,2
223,45,626,178,2
230,45,632,185,2
237,45,638,192,2
244,45,644,199,2
251,45,650,206,2
258,45,656,213,2
265,45,662,220,2
265,45,668,220,1
265,45,674,220,1
265,45,680,220,1
265,45,686,220,1
265,45,692,220,1
265,138,548,127,1
265,138,554,127,1
265,138,560,127,1
265,138,566,127,1
265,138,572,127,1
265,138,578,127,1
265,138,584,127,1
265,138,590,127,1
265,138,596,127,1
265,138,602,127,1
265,138,608,127,1
265,138,614,127,1
265,138,620,127,1
265,138,626,127,1
265,138,632,127,1
265,138,638,127,1
265,138,644,127,1
265,138,650,127,1
265,138,656,127,1
265,138,662,127,1
265,138,668,127,1
265,138,674,127,1
265,138,680,127,1
265,138,686,127,1
265,138,692,127,1
265,138,698,127,1
265,138,704,127,1
265,138,710,127,1
265,138,716,127,1
265,138,722,127,1
265,138,728,127,1
265,138,734,127,1
265,138,740,127,1
265,138,746,127,1
265,138,752,127,1
265,138,758,127,1
265,138,764,127,1
265,138,770,127,1
265,138,776,127,1
265,138,782,127,1
265,362,638,-97,1
265,362,644,-97,1
265,362,650,-97,1
258,362,656,-104,0
251,362,662,-111,0
244,362,668,-118,0
237,362,674,-125,0
230,362,680,-132,0
223,362,686,-139,0
216,362,692,-146,0
209,362,698,-153,0
202,362,704,-160,0
195,362,710,-167,0
188,362,716,-174,0
181,362,722,-181,0
174,362,728,-188,0
167,362,734,-195,0
160,362,740,-202,0
153,362,746,-209,0
146,362,752,-216,0
139,362,758,-223,0
132,362,764,-230,0
125,362,770,-237,0
125,362,776,-237,1
125,362,782,-237,1
125,362,788,-237,1
125,362,794,-237,1
125,362,800,-237,1
125,235,506,-110,1
125,235,512,-110,1
125,235,518,-110,1
125,235,524,-110,1
125,235,530,-110,1
125,235,536,-110,1
125,235,542,-110,1
125,235,548,-110,1
125,235,554,-110,1
125,235,560,-110,1
125,235,566,-110,1
125,235,572,-110,1
125,235,578,-110,1
125,235,584,-110,1
125,235,590,-110,1
125,235,596,-110,1
125,235,602,-110,1
125,235,608,-110,1
125,235,614,-110,1
125,235,620,-110,1
125,235,626,-110,1
125,235,632,-110,1
125,235,638,-110,1
125,235,644,-110,1
125,235,650,-110,1
125,235,656,-110,1
125,235,662,-110,1
125,235,668,-110,1
125,235,674,-110,1
125,235,680,-110,1
125,235,686,-110,1
125,235,692,-110,1
125,235,698,-110,1
125,235,704,-110,1
125,235,710,-110,1
125,235,716,-110,1
125,235,722,-110,1
125,235,728,-110,1
125,235,734,-110,1
125,235,740,-110,1
125,235,746,-110,1
125,235,752,-110,1
125,235,758,-110,1
125,235,764,-110,1
125,235,770,-110,1
125,235,776,-110,1
125,235,782,-110,1
125,235,788,-110,1
125,235,794,-110,1
125,235,800,-110,1
125,349,656,-224,1
125,349,662,-224,1
125,349,668,-224,1
125,22,524,103,1
125,22,530,103,1
125,22,536,103,1
125,22,542,103,1
125,22,548,103,1
125,22,554,103,1
125,22,560,103,1
132,22,566,110,2
139,22,572,117,2
146,22,578,124,2
153,349,734,-196,2
160,349,740,-189,2
167,349,746,-182,2
174,349,752,-175,2
174,349,758,-175,1
174,349,764,-175,1
174,349,770,-175,1
174,349,776,-175,1
174,22,632,152,1
174,22,638,152,1
174,22,644,152,1
174,22,650,152,1
174,22,656,152,1
174,22,662,152,1
174,22,668,152,1
174,22,674,152,1
174,22,680,152,1
174,22,686,152,1
174,22,692,152,1
174,22,698,152,1
174,22,704,152,1
174,22,710,152,1
174,22,716,152,1
174,22,722,152,1
174,22,728,152,1
174,22,734,152,1
174,22,740,152,1
174,22,746,152,1
174,22,752,152,1
174,22,758,152,1
174,22,764,152,1
174,22,770,152,1
174,22,776,152,1
167,22,782,145,0
160,22,788,138,0
153,22,794,131,0
146,22,800,124,0
139,359,656,-220,0
132,359,662,-227,0
125,359,668,-234,0
125,359,674,-234,1
125,359,680,-234,1
125,263,536,-138,1
125,263,542,-138,1
125,263,548,-138,1
125,263,554,-138,1
125,263,560,-138,1
125,263,566,-138,1
125,263,572,-138,1
125,263,578,-138,1
125,263,584,-138,1
125,263,590,-138,1
125,263,596,-138,1
125,263,602,-138,1
125,263,608,-138,1
125,263,614,-138,1
125,263,620,-138,1
125,263,626,-138,1
125,263,632,-138,1
125,263,638,-138,1
125,263,644,-138,1
125,263,650,-138,1
125,263,656,-138,1
125,263,662,-138,1
125,263,668,-138,1
125,263,674,-138,1
125,263,680,-138,1
125,263,686,-138,1
125,263,692,-138,1
125,263,698,-138,1
125,263,704,-138,1
125,263,710,-138,1
125,263,716,-138,1
125,263,722,-138,1
125,263,728,-138,1
125,263,734,-138,1
125,263,740,-138,1
125,263,746,-138,1
125,263,752,-138,1
125,263,758,-138,1
125,263,764,-138,1
125,263,770,-138,1
125,263,776,-138,1
125,263,782,-138,1
125,241,638,-116,1
125,241,644,-116,1
125,241,650,-116,1
125,241,656,-116,1
125,241,662,-116,1
125,241,668,-116,1
125,241,674,-116,1
125,241,680,-116,1
125,241,686,-116,1
125,241,692,-116,1
125,241,698,-116,1
125,241,704,-116,1
125,241,710,-116,1
125,241,716,-116,1
125,241,722,-116,1
125,241,728,-116,1
125,241,734,-116,1
132,241,740,-109,2
139,241,746,-102,2
146,241,752,-95,2
153,241,758,-88,2
160,241,764,-81,2
167,241,770,-74,2
174,241,776,-67,2
181,241,782,-60,2
188,241,788,-53,2
195,241,794,-46,2
202,241,800,-39,2
202,100,656,102,1
202,100,662,102,1
202,100,668,102,1
202,100,674,102,1
202,100,680,102,1
202,100,686,102,1
202,100,692,102,1
202,100,698,102,1
202,100,704,102,1
202,100,710,102,1
202,100,716,102,1
202,100,722,102,1
202,100,728,102,1
209,100,734,109,2
216,100,740,116,2
223,100,746,123,2
230,100,752,130,2
237,100,758,137,2
244,100,764,144,2
244,100,770,144,1
244,100,776,144,1
244,100,782,144,1
244,100,788,144,1
244,100,794,144,1
244,100,800,144,1
244,418,656,-174,1
244,418,662,-174,1
237,418,668,-181,0
230,418,674,-188,0
223,418,680,-195,0
216,418,686,-202,0
209,418,692,-209,0
202,418,698,-216,0
202,418,704,-216,1
202,418,710,-216,1
202,418,716,-216,1
202,418,722,-216,1
202,418,728,-216,1
202,357,584,-155,1
202,357,590,-155,1
202,357,596,-155,1
202,357,602,-155,1
202,357,608,-155,1
202,357,614,-155,1
202,357,620,-155,1
202,357,626,-155,1
202,357,632,-155,1
202,357,638,-155,1
202,357,644,-155,1
202,357,650,-155,1
202,357,656,-155,1
202,357,662,-155,1
195,357,668,-162,0
188,357,674,-169,0
181,357,680,-176,0
174,357,686,-183,0
167,357,692,-190,0
160,357,698,-197,0
160,357,704,-197,1
160,357,710,-197,1
160,357,716,-197,1
160,357,722,-197,1
160,357,728,-197,1
160,357,734,-197,1
160,357,740,-197,1
160,357,746,-197,1
160,357,752,-197,1
160,313,608,-153,1
160,313,614,-153,1
160,313,620,-153,1
160,313,626,-153,1
160,313,632,-153,1
160,313,638,-153,1
160,313,644,-153,1
160,313,650,-153,1
160,313,656,-153,1
160,313,662,-153,1
160,313,668,-153,1
160,313,674,-153,1
160,313,680,-153,1
160,313,686,-153,1
160,313,692,-153,1
160,313,698,-153,1
160,313,704,-153,1
160,313,710,-153,1
160,313,716,-153,1
160,313,722,-153,1
160,313,728,-153,1
160,313,734,-153,1
160,313,740,-153,1
160,313,746,-153,1
160,313,752,-153,1
160,313,758,-153,1
160,313,764,-153,1
160,313,770,-153,1
160,313,776,-153,1
160,313,782,-153,1
160,295,638,-135,1
160,295,644,-135,1
160,295,650,-135,1
160,295,656,-135,1
160,295,662,-135,1
160,295,668,-135,1
160,295,674,-135,1
160,295,680,-135,1
160,295,686,-135,1
153,295,692,-142,0
146,295,698,-149,0
139,295,704,-156,0
132,295,710,-163,0
125,295,716,-170,0
118,295,722,-177,0
111,295,728,-184,0
111,295,734,-184,1
111,295,740,-184,1
111,295,746,-184,1
111,295,752,-184,1
111,295,758,-184,1
111,295,764,-184,1
111,295,770,-184,1
111,295,776,-184,1
111,295,782,-184,1
111,295,788,-184,1
111,295,794,-184,1
111,286,650,-175,1
111,286,656,-175,1
111,286,662,-175,1
111,286,668,-175,1
111,286,674,-175,1
111,286,680,-175,1
111,286,686,-175,1
111,286,692,-175,1
111,286,698,-175,1
111,286,704,-175,1
111,286,710,-175,1
111,286,716,-175,1
111,286,722,-175,1
111,286,728,-175,1
111,286,734,-175,1
111,286,740,-175,1
111,286,746,-175,1
111,286,752,-175,1
111,286,758,-175,1
111,286,764,-175,1
111,286,770,-175,1
111,286,776,-175,1
111,286,782,-175,1
111,286,788,-175,1
111,286,794,-175,1
111,286,800,-175,1
111,315,656,-204,1
111,315,662,-204,1
111,315,668,-204,1
111,315,674,-204,1
111,315,680,-204,1
111,315,686,-204,1
111,315,692,-204,1
111,315,698,-204,1
111,315,704,-204,1
111,315,710,-204,1
111,315,716,-204,1
118,315,722,-197,2
125,315,728,-190,2
132,315,734,-183,2
139,315,740,-176,2
146,315,746,-169,2
153,315,752,-162,2
160,315,758,-155,2
167,315,764,-148,2
174,315,770,-141,2
181,315,776,-134,2
188,315,782,-127,2
188,315,788,-127,1
188,315,794,-127,1
188,315,800,-127,1
188,222,506,-34,1
188,222,512,-34,1
188,222,518,-34,1
195,222,524,-27,2
202,222,530,-20,2
209,222,536,-13,2
216,222,542,-6,2
223,222,548,1,2
230,222,554,8,2
237,222,560,15,2
244,222,566,22,2
251,222,572,29,2
258,222,578,36,2
265,222,584,43,2
272,222,590,50,2
279,222,596,57,2
286,222,602,64,2
293,222,608,71,2
300,222,614,78,2
300,222,620,78,1
300,222,626,78,1
300,222,632,78,1
300,222,638,78,1
300,222,644,78,1
300,222,650,78,1
300,222,656,78,1
300,222,662,78,1
300,222,668,78,1
300,222,674,78,1
300,222,680,78,1
300,222,686,78,1
300,222,692,78,1
300,222,698,78,1
300,222,704,78,1
300,222,710,78,1
300,222,716,78,1
307,222,722,85,2
307,222,728,85,1
307,222,734,85,1
307,222,740,85,1
307,222,746,85,1
307,222,752,85,1
307,222,758,85,1
307,222,764,85,1
307,222,770,85,1
307,222,776,85,1
307,222,782,85,1
307,222,788,85,1
307,222,794,85,1
307,222,800,85,1
307,500,656,-193,1
307,500,662,-193,1
307,500,668,-193,1
307,500,674,-193,1
307,500,680,-193,1
300,500,686,-200,0
293,500,692,-207,0
286,500,698,-214,0
279,500,704,-221,0
272,500,710,-228,0
265,103,566,162,0
265,103,572,162,1
265,103,578,162,1
265,103,584,162,1
265,103,590,162,1
265,103,596,162,1
265,103,602,162,1
265,103,608,162,1
265,103,614,162,1
265,103,620,162,1
265,103,626,162,1
265,103,632,162,1
265,103,638,162,1
265,103,644,162,1
265,103,650,162,1
265,103,656,162,1
265,103,662,162,1
265,103,668,162,1
265,103,674,162,1
265,103,680,162,1
265,103,686,162,1
265,103,692,162,1
265,103,698,162,1
265,103,704,162,1
265,103,710,162,1
265,103,716,162,1
265,103,722,162,1
265,103,728,162,1
265,103,734,162,1
265,103,740,162,1
265,103,746,162,1
265,103,752,162,1
265,103,758,162,1
265,103,764,162,1
265,103,770,162,1
265,103,776,162,1
265,103,782,162,1
265,103,788,162,1
265,103,794,162,1
265,103,800,162,1
265,438,656,-173,1
265,438,662,-173,1
265,438,668,-173,1
265,438,674,-173,1
265,438,680,-173,1
265,438,686,-173,1
265,438,692,-173,1
265,438,698,-173,1
265,438,704,-173,1
265,438,710,-173,1
272,438,716,-166,2
279,438,722,-159,2
286,438,728,-152,2
293,438,734,-145,2
300,438,740,-138,2
307,438,746,-131,2
307,438,752,-131,1
307,438,758,-131,1
307,438,764,-131,1
307,438,770,-131,1
307,438,776,-131,1
307,438,782,-131,1
307,438,788,-131,1
307,438,794,-131,1
307,438,800,-131,1
314,142,656,172,2
321,142,662,179,2
328,142,668,186,2
335,142,674,193,2
342,142,680,200,2
349,282,536,67,2
356,282,542,74,2
363,282,548,81,2
363,282,554,81,1
363,282,560,81,1
363,282,566,81,1
363,282,572,81,1
363,282,578,81,1
363,282,584,81,1
363,282,590,81,1
363,282,596,81,1
370,282,602,88,2
377,282,608,95,2
384,282,614,102,2
391,282,620,109,2
398,282,626,116,2
405,282,632,123,2
412,282,638,130,2
419,282,644,137,2
426,282,650,144,2
433,282,656,151,2
440,282,662,158,2
447,282,668,165,2
454,282,674,172,2
461,282,680,179,2
468,282,686,186,2
475,282,692,193,2
482,282,698,200,2
482,282,704,200,1
482,282,710,200,1
482,282,716,200,1
482,282,722,200,1
482,353,578,129,1
482,353,584,129,1
482,353,590,129,1
482,353,596,129,1
482,353,602,129,1
482,353,608,129,1
482,353,614,129,1
482,353,620,129,1
482,353,626,129,1
482,353,632,129,1
482,353,638,129,1
489,353,644,136,2
496,353,650,143,2
503,353,656,150,2
510,353,662,157,2
517,353,668,164,2
524,353,674,171,2
524,353,680,171,1
524,353,686,171,1
524,353,692,171,1
524,353,698,171,1
524,353,704,171,1
524,353,710,171,1
524,353,716,171,1
524,353,722,171,1
524,353,728,171,1
524,353,734,171,1
524,353,740,171,1
524,353,746,171,1
524,353,752,171,1
524,353,758,171,1
524,353,764,171,1
524,393,620,131,1
524,393,626,131,1
524,393,632,131,1
524,393,638,131,1
524,393,644,131,1
524,393,650,131,1
524,393,656,131,1
524,393,662,131,1
524,393,668,131,1
524,393,674,131,1
524,393,680,131,1
524,393,686,131,1
524,393,692,131,1
524,393,698,131,1
524,393,704,131,1
524,393,710,131,1
524,393,716,131,1
524,393,722,131,1
524,393,728,131,1
524,393,734,131,1
524,393,740,131,1
524,393,746,131,1
517,393,752,124,0
510,393,758,117,0
503,393,764,110,0
496,393,770,103,0
489,393,776,96,0
482,393,782,89,0
475,393,788,82,0
468,393,794,75,0
468,393,800,75,1
468,289,506,179,1
468,289,512,179,1
468,289,518,179,1
468,289,524,179,1
468,289,530,179,1
468,289,536,179,1
468,289,542,179,1
468,289,548,179,1
468,289,554,179,1
468,289,560,179,1
468,289,566,179,1
468,289,572,179,1
468,289,578,179,1
468,289,584,179,1
468,289,590,179,1
468,289,596,179,1
468,289,602,179,1
461,289,608,172,0
454,289,614,165,0
447,289,620,158,0
440,289,626,151,0
433,289,632,144,0
426,289,638,137,0
419,289,644,130,0
412,289,650,123,0
405,289,656,116,0
398,289,662,109,0
391,289,668,102,0
384,289,674,95,0
384,289,680,95,1
384,289,686,95,1
384,289,692,95,1
384,289,698,95,1
384,289,704,95,1
384,289,710,95,1
384,289,716,95,1
384,289,722,95,1
384,289,728,95,1
384,289,734,95,1
384,289,740,95,1
384,289,746,95,1
384,289,752,95,1
384,289,758,95,1
384,289,764,95,1
384,289,770,95,1
384,289,776,95,1
384,289,782,95,1
384,289,788,95,1
384,289,794,95,1
384,289,800,95,1
384,503,656,-119,1
384,503,662,-119,1
377,503,668,-126,0
370,503,674,-133,0
363,503,680,-140,0
356,503,686,-147,0
349,503,692,-154,0
342,503,698,-161,0
342,503,704,-161,1
342,503,710,-161,1
342,503,716,-161,1
342,503,722,-161,1
342,503,728,-161,1
342,503,734,-161,1
342,503,740,-161,1
342,503,746,-161,1
342,503,752,-161,1
342,503,758,-161,1
342,503,764,-161,1
342,503,770,-161,1
342,503,776,-161,1
342,503,782,-161,1
342,503,788,-161,1
335,503,794,-168,0
328,164,650,164,0
321,164,656,157,0
314,164,662,150,0
307,164,668,143,0
300,164,674,136,0
293,164,680,129,0
286,164,686,122,0
286,164,692,122,1
286,164,698,122,1
286,164,704,122,1
286,164,710,122,1
286,164,716,122,1
286,164,722,122,1
286,164,728,122,1
286,164,734,122,1
286,164,740,122,1
286,164,746,122,1
286,164,752,122,1
286,164,758,122,1
286,164,764,122,1
286,164,770,122,1
286,356,626,-70,1
279,356,632,-77,0
272,164,788,108,0
265,164,794,101,0
258,164,800,94,0
251,356,656,-105,0
244,356,662,-112,0
237,356,668,-119,0
230,356,674,-126,0
223,356,680,-133,0
216,356,686,-140,0
209,356,692,-147,0
202,356,698,-154,0
195,356,704,-161,0
195,356,710,-161,1
195,356,716,-161,1
195,356,722,-161,1
195,356,728,-161,1
195,356,734,-161,1
195,356,740,-161,1
195,356,746,-161,1
195,356,752,-161,1
195,356,758,-161,1
195,356,764,-161,1
195,356,770,-161,1
195,356,776,-161,1
195,356,782,-161,1
195,356,788,-161,1
195,356,794,-161,1
195,356,800,-161,1
195,1,506,194,1
195,1,512,194,1
195,1,518,194,1
195,1,524,194,1
195,1,530,194,1
195,1,536,194,1
195,1,542,194,1
195,1,548,194,1
195,1,554,194,1
195,1,560,194,1
195,1,566,194,1
195,1,572,194,1
195,1,578,194,1
195,1,584,194,1
195,1,590,194,1
195,1,596,194,1
195,1,602,194,1
195,1,608,194,1
195,1,614,194,1
195,1,620,194,1
195,1,626,194,1
195,1,632,194,1
195,1,638,194,1
195,1,644,194,1
195,1,650,194,1
195,1,656,194,1
195,1,662,194,1
195,1,668,194,1
195,1,674,194,1
195,1,680,194,1
195,1,686,194,1
195,1,692,194,1
195,1,698,194,1
195,1,704,194,1
195,1,710,194,1
195,1,716,194,1
195,1,722,194,1
195,1,728,194,1
195,1,734,194,1
195,1,740,194,1
195,1,746,194,1
195,1,752,194,1
195,1,758,194,1
195,1,764,194,1
195,1,770,194,1
195,1,776,194,1
195,1,782,194,1
195,1,788,194,1
195,1,794,194,1
195,1,800,194,1
195,360,506,-165,1
195,360,512,-165,1
195,360,518,-165,1
195,360,524,-165,1
195,360,530,-165,1
195,360,536,-165,1
195,360,542,-165,1
195,360,548,-165,1
195,360,554,-165,1
195,360,560,-165,1
195,360,566,-165,1
195,360,572,-165,1
195,360,578,-165,1
195,360,584,-165,1
195,360,590,-165,1
195,360,596,-165,1
195,360,602,-165,1
195,360,608,-165,1
195,360,614,-165,1
195,360,620,-165,1
195,360,626,-165,1
195,360,632,-165,1
195,360,638,-165,1
195,360,644,-165,1
195,360,650,-165,1
195,360,656,-165,1
195,360,662,-165,1
195,360,668,-165,1
195,360,674,-165,1
195,360,680,-165,1
195,360,686,-165,1
195,360,692,-165,1
195,360,698,-165,1
202,360,704,-158,2
209,360,710,-151,2
216,360,716,-144,2
223,360,722,-137,2
230,360,728,-130,2
237,360,734,-123,2
244,360,740,-116,2
244,360,746,-116,1
244,360,752,-116,1
244,360,758,-116,1
244,360,764,-116,1
244,360,770,-116,1
244,360,776,-116,1
244,360,782,-116,1
244,360,788,-116,1
244,360,794,-116,1
244,360,800,-116,1
244,119,656,125,1
244,119,662,125,1
244,119,668,125,1
244,119,674,125,1
244,119,680,125,1
244,119,686,125,1
244,119,692,125,1
244,119,698,125,1
244,119,704,125,1
244,119,710,125,1
244,119,716,125,1
244,119,722,125,1
244,119,728,125,1
244,119,734,125,1
244,119,740,125,1
244,119,746,125,1
244,119,752,125,1
244,119,758,125,1
244,119,764,125,1
244,119,770,125,1
244,119,776,125,1
244,119,782,125,1
244,119,788,125,1
244,119,794,125,1
244,119,800,125,1
244,442,656,-198,1
244,442,662,-198,1
244,442,668,-198,1
244,442,674,-198,1
244,442,680,-198,1
244,442,686,-198,1
244,442,692,-198,1
244,442,698,-198,1
244,442,704,-198,1
244,442,710,-198,1
244,442,716,-198,1
244,442,722,-198,1
244,442,728,-198,1
244,442,734,-198,1
244,442,740,-198,1
244,442,746,-198,1
244,442,752,-198,1
244,442,758,-198,1
244,442,764,-198,1
244,442,770,-198,1
244,442,776,-198,1
244,442,782,-198,1
244,442,788,-198,1
244,442,794,-198,1
244,442,800,-198,1
244,459,656,-215,1
244,459,662,-215,1
244,459,668,-215,1
244,459,674,-215,1
244,459,680,-215,1
244,459,686,-215,1
244,459,692,-215,1
244,459,698,-215,1
244,459,704,-215,1
244,459,710,-215,1
244,459,716,-215,1
244,459,722,-215,1
244,459,728,-215,1
244,459,734,-215,1
244,459,740,-215,1
244,459,746,-215,1
244,459,752,-215,1
244,459,758,-215,1
244,459,764,-215,1
244,459,770,-215,1
244,459,776,-215,1
244,459,782,-215,1
244,459,788,-215,1
244,459,794,-215,1
244,459,800,-215,1
244,28,656,216,1
244,28,662,216,1
244,28,668,216,1
244,28,674,216,1
244,28,680,216,1
244,28,686,216,1
244,28,692,216,1
244,28,698,216,1
244,28,704,216,1
244,28,710,216,1
244,28,716,216,1
244,28,722,216,1
244,91,578,153,1
244,91,584,153,1
244,91,590,153,1
244,91,596,153,1
244,91,602,153,1
244,91,608,153,1
244,91,614,153,1
244,91,620,153,1
244,91,626,153,1
244,91,632,153,1
244,91,638,153,1
244,91,644,153,1
244,91,650,153,1
244,91,656,153,1
244,91,662,153,1
244,91,668,153,1
244,91,674,153,1
244,91,680,153,1
244,91,686,153,1
244,91,692,153,1
244,91,698,153,1
244,91,704,153,1
244,91,710,153,1
244,91,716,153,1
244,91,722,153,1
244,91,728,153,1
244,91,734,153,1
244,91,740,153,1
244,91,746,153,1
244,91,752,153,1
244,91,758,153,1
244,91,764,153,1
244,91,770,153,1
244,91,776,153,1
244,369,632,-125,1
244,369,638,-125,1
244,369,644,-125,1
244,369,650,-125,1
244,369,656,-125,1
244,369,662,-125,1
244,369,668,-125,1
244,369,674,-125,1
244,369,680,-125,1
244,369,686,-125,1
244,369,692,-125,1
244,369,698,-125,1
244,369,704,-125,1
244,369,710,-125,1
244,369,716,-125,1
244,369,722,-125,1
244,369,728,-125,1
244,369,734,-125,1
244,369,740,-125,1
244,369,746,-125,1
244,369,752,-125,1
244,369,758,-125,1
244,369,764,-125,1
244,369,770,-125,1
244,369,776,-125,1
244,369,782,-125,1
244,369,788,-125,1
244,369,794,-125,1
251,369,800,-118,2
258,69,656,189,2
265,69,662,196,2
272,69,668,203,2
279,69,674,210,2
286,69,680,217,2
286,69,686,217,1
286,69,692,217,1
286,69,698,217,1
286,69,704,217,1
286,69,710,217,1
286,69,716,217,1
286,69,722,217,1
286,69,728,217,1
286,69,734,217,1
286,69,740,217,1
286,69,746,217,1
286,69,752,217,1
293,69,758,224,2
300,69,764,231,2
307,69,770,238,2
314,69,776,245,2
321,69,782,252,2
328,69,788,259,2
335,69,794,266,2
342,69,800,273,2
349,18,656,331,2
356,18,662,338,2
356,18,668,338,1
356,18,674,338,1
356,18,680,338,1
356,18,686,338,1
356,18,692,338,1
356,72,548,284,1
356,72,554,284,1
356,274,410,82,1
356,274,416,82,1
363,274,422,89,2
370,274,428,96,2
377,274,434,103,2
384,274,440,110,2
391,274,446,117,2
398,274,452,124,2
405,274,458,131,2
412,274,464,138,2
419,274,470,145,2
419,274,476,145,1
419,274,482,145,1
419,274,488,145,1
419,274,494,145,1
419,274,500,145,1
419,274,506,145,1
419,274,512,145,1
419,274,518,145,1
419,274,524,145,1
419,274,530,145,1
419,274,536,145,1
419,274,542,145,1
419,274,548,145,1
419,274,554,145,1
419,274,560,145,1
419,274,566,145,1
419,274,572,145,1
419,274,578,145,1
419,274,584,145,1
419,274,590,145,1
419,274,596,145,1
419,274,602,145,1
419,274,608,145,1
419,274,614,145,1
419,274,620,145,1
419,274,626,145,1
419,274,632,145,1
419,274,638,145,1
419,274,644,145,1
419,274,650,145,1
426,274,656,152,2
433,274,662,159,2
440,274,668,166,2
440,274,674,166,1
440,274,680,166,1
440,274,686,166,1
440,274,692,166,1
440,274,698,166,1
440,274,704,166,1
440,274,710,166,1
440,274,716,166,1
440,274,722,166,1
440,274,728,166,1
440,274,734,166,1
440,274,740,166,1
440,274,746,166,1
440,274,752,166,1
440,274,758,166,1
440,274,764,166,1
447,274,770,173,2
454,274,776,180,2
461,274,782,187,2
468,274,788,194,2
475,274,794,201,2
482,274,800,208,2
489,267,656,222,2
496,267,662,229,2
503,389,518,114,2
503,389,524,114,1
503,389,530,114,1
503,389,536,114,1
503,389,542,114,1
503,389,548,114,1
503,389,554,114,1
503,389,560,114,1
503,389,566,114,1
503,389,572,114,1
503,389,578,114,1
503,389,584,114,1
503,389,590,114,1
503,389,596,114,1
503,389,602,114,1
503,389,608,114,1
503,389,614,114,1
503,389,620,114,1
503,389,626,114,1
503,389,632,114,1
503,389,638,114,1
503,389,644,114,1
503,389,650,114,1
503,389,656,114,1
503,389,662,114,1
503,389,668,114,1
503,389,674,114,1
503,389,680,114,1
503,389,686,114,1
503,389,692,114,1
503,389,698,114,1
503,389,704,114,1
503,389,710,114,1
503,389,716,114,1
503,389,722,114,1
503,389,728,114,1
503,389,734,114,1
503,389,740,114,1
503,389,746,114,1
503,389,752,114,1
503,389,758,114,1
503,389,764,114,1
503,389,770,114,1
503,389,776,114,1
503,389,782,114,1
503,389,788,114,1
496,389,794,107,0
489,389,800,100,0
482,243,506,239,0
475,243,512,232,0
468,243,518,225,0
461,243,524,218,0
461,243,530,218,1
461,243,536,218,1
461,243,542,218,1
461,243,548,218,1
461,243,554,218,1
461,243,560,218,1
461,243,566,218,1
461,243,572,218,1
461,243,578,218,1
461,243,584,218,1
461,243,590,218,1
461,243,596,218,1
461,243,602,218,1
461,243,608,218,1
461,243,614,218,1
461,243,620,218,1
461,243,626,218,1
461,243,632,218,1
461,243,638,218,1
461,243,644,218,1
461,243,650,218,1
454,243,656,211,0
447,243,662,204,0
440,243,668,197,0
433,243,674,190,0
426,243,680,183,0
419,243,686,176,0
412,243,692,169,0
412,243,698,169,1
412,243,704,169,1
412,243,710,169,1
412,243,716,169,1
412,243,722,169,1
412,243,728,169,1
412,243,734,169,1
412,243,740,169,1
412,243,746,169,1
412,243,752,169,1
412,243,758,169,1
412,243,764,169,1
412,243,770,169,1
412,243,776,169,1
412,243,782,169,1
412,243,788,169,1
412,243,794,169,1
412,243,800,169,1
412,259,506,153,1
412,259,512,153,1
412,259,518,153,1
412,259,524,153,1
412,259,530,153,1
412,259,536,153,1
412,259,542,153,1
412,259,548,153,1
412,259,554,153,1
412,259,560,153,1
412,259,566,153,1
412,259,572,153,1
412,259,578,153,1
412,259,584,153,1
412,259,590,153,1
412,259,596,153,1
412,259,602,153,1
412,259,608,153,1
412,259,614,153,1
412,259,620,153,1
412,259,626,153,1
412,259,632,153,1
412,259,638,153,1
412,259,644,153,1
412,259,650,153,1
412,259,656,153,1
412,259,662,153,1
412,259,668,153,1
412,259,674,153,1
412,259,680,153,1
412,259,686,153,1
405,259,692,146,0
398,259,698,139,0
391,259,704,132,0
384,259,710,125,0
377,259,716,118,0
370,259,722,111,0
363,259,728,104,0
363,259,734,104,1
363,259,740,104,1
363,259,746,104,1
363,259,752,104,1
363,259,758,104,1
363,259,764,104,1
363,259,770,104,1
363,259,776,104,1
363,259,782,104,1
363,259,788,104,1
363,259,794,104,1
363,259,800,104,1
363,523,656,-160,1
363,523,662,-160,1
363,523,668,-160,1
363,523,674,-160,1
363,523,680,-160,1
363,523,686,-160,1
356,523,692,-167,0
349,523,698,-174,0
342,523,704,-181,0
335,523,710,-188,0
328,523,716,-195,0
321,523,722,-202,0
314,176,578,138,0
307,176,584,131,0
307,176,590,131,1
307,176,596,131,1
307,176,602,131,1
307,176,608,131,1
307,176,614,131,1
307,176,620,131,1
307,176,626,131,1
307,176,632,131,1
307,176,638,131,1
307,176,644,131,1
307,176,650,131,1
307,176,656,131,1
307,176,662,131,1
307,176,668,131,1
307,176,674,131,1
307,176,680,131,1
307,176,686,131,1
307,176,692,131,1
307,176,698,131,1
307,176,704,131,1
307,176,710,131,1
307,176,716,131,1
307,176,722,131,1
300,176,728,124,0
293,176,734,117,0
286,176,740,110,0
279,176,746,103,0
272,176,752,96,0
265,176,758,89,0
258,176,764,82,0
251,176,770,75,0
251,176,776,75,1
251,176,782,75,1
251,176,788,75,1
251,176,794,75,1
251,176,800,75,1
251,352,656,-101,1
251,352,662,-101,1
251,352,668,-101,1
251,352,674,-101,1
251,352,680,-101,1
251,352,686,-101,1
251,352,692,-101,1
251,352,698,-101,1
251,352,704,-101,1
244,352,710,-108,0
237,352,716,-115,0
230,352,722,-122,0
223,352,728,-129,0
216,352,734,-136,0
209,352,740,-143,0
202,352,746,-150,0
202,352,752,-150,1
202,352,758,-150,1
202,352,764,-150,1
202,94,620,108,1
202,94,626,108,1
202,94,632,108,1
202,94,638,108,1
202,94,644,108,1
202,94,650,108,1
202,94,656,108,1
202,94,662,108,1
202,94,668,108,1
202,94,674,108,1
202,94,680,108,1
202,94,686,108,1
202,94,692,108,1
202,94,698,108,1
202,94,704,108,1
202,94,710,108,1
202,94,716,108,1
202,94,722,108,1
202,94,728,108,1
202,94,734,108,1
202,94,740,108,1
202,94,746,108,1
202,94,752,108,1
202,94,758,108,1
202,94,764,108,1
202,94,770,108,1
202,94,776,108,1
202,94,782,108,1
202,94,788,108,1
202,94,794,108,1
202,94,800,108,1
202,335,656,-133,1
202,335,662,-133,1
202,335,668,-133,1
202,335,674,-133,1
202,335,680,-133,1
202,335,686,-133,1
202,335,692,-133,1
202,335,698,-133,1
202,335,704,-133,1
202,335,710,-133,1
202,335,716,-133,1
202,335,722,-133,1
202,335,728,-133,1
202,335,734,-133,1
202,335,740,-133,1
202,335,746,-133,1
202,335,752,-133,1
202,335,758,-133,1
202,335,764,-133,1
202,335,770,-133,1
202,335,776,-133,1
202,335,782,-133,1
202,335,788,-133,1
202,335,794,-133,1
202,335,800,-133,1
202,45,656,157,1
202,45,662,157,1
202,45,668,157,1
202,45,674,157,1
202,45,680,157,1
209,45,686,164,2
216,45,692,171,2
223,45,698,178,2
230,45,704,185,2
237,45,710,192,2
244,45,716,199,2
251,45,722,206,2
258,45,728,213,2
265,425,584,-160,2
265,425,590,-160,1
265,425,596,-160,1
265,425,602,-160,1
265,425,608,-160,1
265,425,614,-160,1
265,425,620,-160,1
265,425,626,-160,1
265,425,632,-160,1
265,425,638,-160,1
265,425,644,-160,1
265,425,650,-160,1
265,425,656,-160,1
265,425,662,-160,1
265,425,668,-160,1
265,425,674,-160,1
265,425,680,-160,1
265,425,686,-160,1
265,425,692,-160,1
265,425,698,-160,1
265,425,704,-160,1
265,425,710,-160,1
258,425,716,-167,0
251,425,722,-174,0
244,425,728,-181,0
237,425,734,-188,0
230,425,740,-195,0
223,425,746,-202,0
216,425,752,-209,0
209,425,758,-216,0
202,425,764,-223,0
195,6,620,189,0
188,6,626,182,0
188,6,632,182,1
188,6,638,182,1
188,6,644,182,1
188,6,650,182,1
188,6,656,182,1
188,6,662,182,1
188,6,668,182,1
188,6,674,182,1
188,6,680,182,1
188,6,686,182,1
188,6,692,182,1
188,6,698,182,1
188,6,704,182,1
188,6,710,182,1
188,6,716,182,1
188,6,722,182,1
188,6,728,182,1
188,6,734,182,1
188,6,740,182,1
188,6,746,182,1
188,6,752,182,1
188,6,758,182,1
188,6,764,182,1
188,6,770,182,1
188,6,776,182,1
188,6,782,182,1
188,6,788,182,1
188,6,794,182,1
188,6,800,182,1
195,510,656,-315,2
202,510,662,-308,2
209,510,668,-301,2
216,510,674,-294,2
223,510,680,-287,2
230,510,686,-280,2
237,510,692,-273,2
244,510,698,-266,2
244,510,704,-266,1
244,510,710,-266,1
244,510,716,-266,1
244,510,722,-266,1
244,510,728,-266,1
244,510,734,-266,1
244,510,740,-266,1
244,510,746,-266,1
244,475,602,-231,1
244,475,608,-231,1
244,475,614,-231,1
244,475,620,-231,1
244,475,626,-231,1
244,475,632,-231,1
244,475,638,-231,1
244,475,644,-231,1
244,475,650,-231,1
244,475,656,-231,1
244,143,512,101,1
244,143,518,101,1
244,143,524,101,1
244,143,530,101,1
244,143,536,101,1
244,143,542,101,1
244,143,548,101,1
244,143,554,101,1
244,143,560,101,1
244,143,566,101,1
244,143,572,101,1
244,143,578,101,1
244,143,584,101,1
244,143,590,101,1
244,143,596,101,1
244,143,602,101,1
244,143,608,101,1
244,143,614,101,1
251,143,620,108,2
258,143,626,115,2
265,143,632,122,2
272,143,638,129,2
279,143,644,136,2
286,143,650,143,2
293,143,656,150,2
293,143,662,150,1
293,143,668,150,1
293,143,674,150,1
293,143,680,150,1
293,143,686,150,1
293,143,692,150,1
293,143,698,150,1
293,143,704,150,1
293,143,710,150,1
293,143,716,150,1
293,143,722,150,1
293,143,728,150,1
293,143,734,150,1
293,143,740,150,1
293,143,746,150,1
293,143,752,150,1
293,143,758,150,1
293,143,764,150,1
293,143,770,150,1
293,143,776,150,1
293,143,782,150,1
293,143,788,150,1
293,143,794,150,1
293,143,800,150,1
293,451,656,-158,1
293,451,662,-158,1
293,451,668,-158,1
286,451,674,-165,0
279,451,680,-172,0
272,451,686,-179,0
265,451,692,-186,0
258,451,698,-193,0
251,451,704,-200,0
251,451,710,-200,1
251,451,716,-200,1
251,451,722,-200,1
251,451,728,-200,1
251,451,734,-200,1
251,451,740,-200,1
251,451,746,-200,1
251,451,752,-200,1
251,451,758,-200,1
251,85,614,166,1
251,85,620,166,1
251,85,626,166,1
251,85,632,166,1
251,85,638,166,1
251,85,644,166,1
251,85,650,166,1
251,85,656,166,1
251,85,662,166,1
251,85,668,166,1
251,85,674,166,1
244,85,680,159,0
237,85,686,152,0
230,85,692,145,0
223,85,698,138,0
216,85,704,131,0
209,85,710,124,0
202,85,716,117,0
195,85,722,110,0
195,85,728,110,1
195,85,734,110,1
195,85,740,110,1
195,85,746,110,1
195,85,752,110,1
195,85,758,110,1
195,85,764,110,1
195,85,770,110,1
195,85,776,110,1
195,85,782,110,1
195,85,788,110,1
195,85,794,110,1
195,85,800,110,1
195,400,656,-205,1
195,400,662,-205,1
195,400,668,-205,1
195,400,674,-205,1
195,400,680,-205,1
195,400,686,-205,1
195,400,692,-205,1
195,400,698,-205,1
195,400,704,-205,1
195,400,710,-205,1
195,318,566,-123,1
195,318,572,-123,1
195,318,578,-123,1
195,318,584,-123,1
195,318,590,-123,1
195,318,596,-123,1
195,318,602,-123,1
195,318,608,-123,1
195,318,614,-123,1
195,318,620,-123,1
195,318,626,-123,1
195,318,632,-123,1
195,318,638,-123,1
195,318,644,-123,1
195,318,650,-123,1
195,318,656,-123,1
195,318,662,-123,1
195,318,668,-123,1
195,318,674,-123,1
195,318,680,-123,1
195,318,686,-123,1
195,318,692,-123,1
195,318,698,-123,1
195,318,704,-123,1
195,318,710,-123,1
195,318,716,-123,1
195,318,722,-123,1
195,318,728,-123,1
195,318,734,-123,1
195,318,740,-123,1
195,318,746,-123,1
195,318,752,-123,1
195,318,758,-123,1
195,318,764,-123,1
195,318,770,-123,1
195,318,776,-123,1
195,318,782,-123,1
202,318,788,-116,2
209,318,794,-109,2
216,318,800,-102,2
223,92,656,131,2
230,92,662,138,2
237,92,668,145,2
244,92,674,152,2
251,92,680,159,2
251,92,686,159,1
251,92,692,159,1
251,92,698,159,1
251,92,704,159,1
251,92,710,159,1
251,92,716,159,1
251,92,722,159,1
251,92,728,159,1
251,92,734,159,1
251,92,740,159,1
251,92,746,159,1
251,92,752,159,1
251,92,758,159,1
251,92,764,159,1
251,92,770,159,1
251,92,776,159,1
251,92,782,159,1
251,92,788,159,1
251,92,794,159,1
251,92,800,159,1
251,473,656,-222,1
251,473,662,-222,1
251,473,668,-222,1
251,473,674,-222,1
251,473,680,-222,1
251,473,686,-222,1
251,473,692,-222,1
251,473,698,-222,1
251,473,704,-222,1
251,473,710,-222,1
251,473,716,-222,1
251,473,722,-222,1
251,473,728,-222,1
251,473,734,-222,1
251,473,740,-222,1
251,473,746,-222,1
251,473,752,-222,1
258,473,758,-215,2
265,473,764,-208,2
272,473,770,-201,2
279,473,776,-194,2
286,473,782,-187,2
293,473,788,-180,2
300,473,794,-173,2
300,473,800,-173,1
300,233,506,67,1
300,233,512,67,1
300,233,518,67,1
300,233,524,67,1
300,233,530,67,1
307,233,536,74,2
314,233,542,81,2
321,233,548,88,2
328,233,554,95,2
335,233,560,102,2
342,233,566,109,2
349,233,572,116,2
356,233,578,123,2
363,233,584,130,2
370,233,590,137,2
377,233,596,144,2
384,233,602,151,2
391,233,608,158,2
398,233,614,165,2
405,233,620,172,2
412,233,626,179,2
419,233,632,186,2
426,233,638,193,2
433,233,644,200,2
440,233,650,207,2
447,233,656,214,2
454,233,662,221,2
461,369,518,92,2
468,369,524,99,2
468,369,530,99,1
468,369,536,99,1
468,369,542,99,1
468,369,548,99,1
468,369,554,99,1
468,369,560,99,1
468,369,566,99,1
468,369,572,99,1
468,369,578,99,1
468,369,584,99,1
468,369,590,99,1
468,369,596,99,1
468,369,602,99,1
468,369,608,99,1
468,369,614,99,1
468,369,620,99,1
468,369,626,99,1
468,369,632,99,1
468,369,638,99,1
468,369,644,99,1
468,369,650,99,1
468,369,656,99,1
468,369,662,99,1
468,369,668,99,1
468,369,674,99,1
468,369,680,99,1
468,369,686,99,1
468,369,692,99,1
468,369,698,99,1
468,369,704,99,1
468,369,710,99,1
468,369,716,99,1
468,369,722,99,1
468,369,728,99,1
468,369,734,99,1
468,369,740,99,1
468,369,746,99,1
468,369,752,99,1
468,369,758,99,1
468,369,764,99,1
468,369,770,99,1
468,369,776,99,1
468,369,782,99,1
468,369,788,99,1
468,369,794,99,1
461,369,800,92,0
454,458,506,-4,0
447,458,512,-11,0
440,458,518,-18,0
433,458,524,-25,0
426,458,530,-32,0
419,458,536,-39,0
412,458,542,-46,0
405,458,548,-53,0
398,458,554,-60,0
391,458,560,-67,0
384,458,566,-74,0
377,458,572,-81,0
370,458,578,-88,0
363,458,584,-95,0
356,458,590,-102,0
349,458,596,-109,0
342,458,602,-116,0
335,458,608,-123,0
328,458,614,-130,0
321,458,620,-137,0
321,458,626,-137,1
321,458,632,-137,1
321,458,638,-137,1
321,458,644,-137,1
321,458,650,-137,1
321,458,656,-137,1
321,458,662,-137,1
321,458,668,-137,1
321,458,674,-137,1
321,458,680,-137,1
321,458,686,-137,1
321,458,692,-137,1
314,458,698,-144,0
307,458,704,-151,0
300,458,710,-158,0
293,458,716,-165,0
286,458,722,-172,0
279,458,728,-179,0
272,458,734,-186,0
265,458,740,-193,0
258,458,746,-200,0
251,458,752,-207,0
244,85,608,159,0
237,85,614,152,0
237,85,620,152,1
237,85,626,152,1
237,85,632,152,1
237,85,638,152,1
237,85,644,152,1
237,85,650,152,1
237,85,656,152,1
237,85,662,152,1
237,85,668,152,1
237,85,674,152,1
237,85,680,152,1
237,85,686,152,1
237,85,692,152,1
237,85,698,152,1
237,85,704,152,1
237,85,710,152,1
237,85,716,152,1
237,85,722,152,1
237,85,728,152,1
237,85,734,152,1
237,85,740,152,1
237,85,746,152,1
237,85,752,152,1
237,85,758,152,1
237,85,764,152,1
237,85,770,152,1
237,85,776,152,1
237,85,782,152,1
237,85,788,152,1
237,85,794,152,1
237,85,800,152,1
237,387,656,-150,1
237,387,662,-150,1
237,387,668,-150,1
237,387,674,-150,1
237,387,680,-150,1
237,387,686,-150,1
237,387,692,-150,1
237,387,698,-150,1
237,387,704,-150,1
237,387,710,-150,1
237,387,716,-150,1
244,387,722,-143,2
251,387,728,-136,2
258,387,734,-129,2
265,387,740,-122,2
272,387,746,-115,2
279,387,752,-108,2
286,387,758,-101,2
293,387,764,-94,2
293,387,770,-94,1
293,387,776,-94,1
293,387,782,-94,1
293,387,788,-94,1
293,387,794,-94,1
293,387,800,-94,1
293,185,656,108,1
293,185,662,108,1
293,185,668,108,1
293,185,674,108,1
293,185,680,108,1
293,185,686,108,1
300,185,692,115,2
307,185,698,122,2
314,185,704,129,2
321,185,710,136,2
328,185,716,143,2
335,185,722,150,2
342,185,728,157,2
349,185,734,164,2
356,185,740,171,2
363,185,746,178,2
370,185,752,185,2
377,185,758,192,2
384,185,764,199,2
391,185,770,206,2
398,185,776,213,2
405,185,782,220,2
412,185,788,227,2
419,185,794,234,2
426,358,500,68,2
433,358,506,75,2
440,358,512,82,2
447,358,518,89,2
454,358,524,96,2
461,358,530,103,2
468,358,536,110,2
475,358,542,117,2
475,358,548,117,1
475,358,554,117,1
475,358,560,117,1
475,358,566,117,1
475,358,572,117,1
475,358,578,117,1
475,358,584,117,1
475,358,590,117,1
475,358,596,117,1
475,358,602,117,1
475,358,608,117,1
475,358,614,117,1
475,358,620,117,1
475,358,626,117,1
475,358,632,117,1
475,358,638,117,1
475,358,644,117,1
475,358,650,117,1
475,358,656,117,1
475,358,662,117,1
475,358,668,117,1
475,358,674,117,1
475,358,680,117,1
475,358,686,117,1
475,358,692,117,1
475,358,698,117,1
475,358,704,117,1
475,358,710,117,1
475,358,716,117,1
475,358,722,117,1
475,358,728,117,1
475,358,734,117,1
475,358,740,117,1
475,358,746,117,1
475,358,752,117,1
475,358,758,117,1
475,358,764,117,1
475,358,770,117,1
475,358,776,117,1
475,358,782,117,1
475,358,788,117,1
475,358,794,117,1
475,358,800,117,1
475,245,656,230,1
475,245,662,230,1
475,245,668,230,1
475,245,674,230,1
475,245,680,230,1
475,245,686,230,1
475,245,692,230,1
475,245,698,230,1
475,245,704,230,1
475,245,710,230,1
475,245,716,230,1
475,245,722,230,1
475,245,728,230,1
475,245,734,230,1
475,245,740,230,1
475,291,596,184,1
475,291,602,184,1
475,291,608,184,1
475,291,614,184,1
475,291,620,184,1
475,291,626,184,1
475,291,632,184,1
475,291,638,184,1
475,291,644,184,1
468,291,650,177,0
461,291,656,170,0
454,291,662,163,0
447,291,668,156,0
440,291,674,149,0
433,291,680,142,0
426,291,686,135,0
419,291,692,128,0
412,291,698,121,0
405,291,704,114,0
405,291,710,114,1
405,291,716,114,1
405,291,722,114,1
405,291,728,114,1
405,291,734,114,1
405,291,740,114,1
405,291,746,114,1
405,291,752,114,1
405,291,758,114,1
405,291,764,114,1
405,291,770,114,1
405,291,776,114,1
405,291,782,114,1
405,291,788,114,1
405,291,794,114,1
405,291,800,114,1
405,530,656,-125,1
405,530,662,-125,1
405,530,668,-125,1
405,530,674,-125,1
405,530,680,-125,1
405,530,686,-125,1
405,530,692,-125,1
405,530,698,-125,1
405,530,704,-125,1
405,530,710,-125,1
405,530,716,-125,1
405,530,722,-125,1
405,530,728,-125,1
405,530,734,-125,1
405,530,740,-125,1
398,530,746,-132,0
391,530,752,-139,0
384,530,758,-146,0
377,530,764,-153,0
370,530,770,-160,0
363,231,626,132,0
356,231,632,125,0
349,231,638,118,0
349,231,644,118,1
349,231,650,118,1
349,231,656,118,1
349,231,662,118,1
349,231,668,118,1
349,231,674,118,1
349,231,680,118,1
349,231,686,118,1
349,231,692,118,1
349,231,698,118,1
349,231,704,118,1
349,231,710,118,1
349,231,716,118,1
349,231,722,118,1
349,231,728,118,1
349,231,734,118,1
349,231,740,118,1
349,231,746,118,1
349,231,752,118,1
349,231,758,118,1
349,231,764,118,1
349,231,770,118,1
349,231,776,118,1
349,231,782,118,1
349,231,788,118,1
349,231,794,118,1
349,231,800,118,1
349,224,506,125,1
349,224,512,125,1
349,224,518,125,1
349,224,524,125,1
349,224,530,125,1
349,224,536,125,1
349,224,542,125,1
349,224,548,125,1
349,224,554,125,1
349,224,560,125,1
349,224,566,125,1
349,224,572,125,1
349,224,578,125,1
349,224,584,125,1
349,224,590,125,1
349,224,596,125,1
349,224,602,125,1
349,224,608,125,1
349,224,614,125,1
349,224,620,125,1
349,224,626,125,1
349,224,632,125,1
349,224,638,125,1
349,224,644,125,1
349,224,650,125,1
349,224,656,125,1
349,224,662,125,1
349,224,668,125,1
349,224,674,125,1
349,224,680,125,1
349,224,686,125,1
349,224,692,125,1
349,224,698,125,1
349,224,704,125,1
349,224,710,125,1
349,224,716,125,1
349,224,722,125,1
349,224,728,125,1
349,224,734,125,1
349,224,740,125,1
349,224,746,125,1
349,224,752,125,1
349,224,758,125,1
349,224,764,125,1
349,224,770,125,1
349,224,776,125,1
349,224,782,125,1
349,224,788,125,1
349,224,794,125,1
349,224,800,125,1
349,180,656,169,1
349,180,662,169,1
349,180,668,169,1
349,180,674,169,1
349,180,680,169,1
349,180,686,169,1
349,180,692,169,1
349,180,698,169,1
349,180,704,169,1
349,180,710,169,1
349,180,716,169,1
349,180,722,169,1
349,180,728,169,1
349,180,734,169,1
349,180,740,169,1
349,180,746,169,1
349,180,752,169,1
349,180,758,169,1
349,222,614,127,1
349,222,620,127,1
349,222,626,127,1
349,222,632,127,1
349,222,638,127,1
349,222,644,127,1
349,222,650,127,1
349,222,656,127,1
349,222,662,127,1
349,222,668,127,1
349,222,674,127,1
349,222,680,127,1
349,222,686,127,1
349,222,692,127,1
349,222,698,127,1
349,222,704,127,1
349,222,710,127,1
349,222,716,127,1
349,222,722,127,1
349,222,728,127,1
349,222,734,127,1
349,222,740,127,1
349,222,746,127,1
349,222,752,127,1
349,222,758,127,1
349,222,764,127,1
349,222,770,127,1
349,222,776,127,1
349,222,782,127,1
349,222,788,127,1
349,222,794,127,1
349,222,800,127,1
342,123,656,219,0
335,123,662,212,0
328,123,668,205,0
321,123,674,198,0
314,123,680,191,0
307,123,686,184,0
300,123,692,177,0
293,123,698,170,0
293,123,704,170,1
293,123,710,170,1
293,123,716,170,1
293,123,722,170,1
293,123,728,170,1
293,123,734,170,1
293,123,740,170,1
293,123,746,170,1
293,123,752,170,1
293,123,758,170,1
293,123,764,170,1
293,123,770,170,1
293,123,776,170,1
293,123,782,170,1
293,123,788,170,1
293,123,794,170,1
293,123,800,170,1
293,486,656,-193,1
293,486,662,-193,1
293,486,668,-193,1
293,486,674,-193,1
293,486,680,-193,1
293,486,686,-193,1
293,486,692,-193,1
293,486,698,-193,1
293,486,704,-193,1
293,486,710,-193,1
293,486,716,-193,1
293,486,722,-193,1
293,486,728,-193,1
293,486,734,-193,1
293,486,740,-193,1
293,486,746,-193,1
293,486,752,-193,1
293,486,758,-193,1
293,486,764,-193,1
293,486,770,-193,1
293,486,776,-193,1
293,486,782,-193,1
293,114,638,179,1
293,114,644,179,1
293,114,650,179,1
293,114,656,179,1
293,114,662,179,1
293,114,668,179,1
293,114,674,179,1
293,114,680,179,1
293,114,686,179,1
293,114,692,179,1
293,114,698,179,1
293,114,704,179,1
293,114,710,179,1
293,114,716,179,1
293,114,722,179,1
293,114,728,179,1
293,114,734,179,1
293,114,740,179,1
293,114,746,179,1
293,114,752,179,1
293,114,758,179,1
293,157,614,136,1
293,157,620,136,1
293,157,626,136,1
293,157,632,136,1
293,157,638,136,1
293,157,644,136,1
293,157,650,136,1
293,157,656,136,1
293,157,662,136,1
293,157,668,136,1
293,157,674,136,1
293,157,680,136,1
293,157,686,136,1
293,157,692,136,1
293,157,698,136,1
293,157,704,136,1
293,157,710,136,1
293,157,716,136,1
286,157,722,129,0
279,157,728,122,0
272,157,734,115,0
265,157,740,108,0
258,157,746,101,0
251,157,752,94,0
244,157,758,87,0
237,157,764,80,0
237,157,770,80,1
237,157,776,80,1
237,157,782,80,1
237,157,788,80,1
237,157,794,80,1
237,297,650,-60,1
237,297,656,-60,1
237,297,662,-60,1
237,297,668,-60,1
230,297,674,-67,0
223,297,680,-74,0
216,297,686,-81,0
209,297,692,-88,0
202,297,698,-95,0
195,297,704,-102,0
188,297,710,-109,0
181,297,716,-116,0
174,297,722,-123,0
167,297,728,-130,0
160,297,734,-137,0
153,297,740,-144,0
146,297,746,-151,0
139,297,752,-158,0
132,297,758,-165,0
125,297,764,-172,0
118,297,770,-179,0
111,297,776,-186,0
111,297,782,-186,1
111,297,788,-186,1
111,297,794,-186,1
111,297,800,-186,1
111,169,506,-58,1
111,169,512,-58,1
111,169,518,-58,1
111,169,524,-58,1
111,169,530,-58,1
111,169,536,-58,1
111,169,542,-58,1
111,169,548,-58,1
111,169,554,-58,1
111,169,560,-58,1
111,169,566,-58,1
111,169,572,-58,1
104,169,578,-65,0
97,169,584,-72,0
90,169,590,-79,0
83,169,596,-86,0
76,169,602,-93,0
69,169,608,-100,0
62,169,614,-107,0
55,169,620,-114,0
48,169,626,-121,0
48,169,632,-121,1
48,169,638,-121,1
48,169,644,-121,1
48,169,650,-121,1
48,169,656,-121,1
48,169,662,-121,1
48,169,668,-121,1
48,169,674,-121,1
48,169,680,-121,1
48,169,686,-121,1
48,169,692,-121,1
48,169,698,-121,1
48,169,704,-121,1
48,169,710,-121,1
48,169,716,-121,1
48,169,722,-121,1
48,169,728,-121,1
48,169,734,-121,1
48,169,740,-121,1
48,169,746,-121,1
48,169,752,-121,1
48,169,758,-121,1
48,169,764,-121,1
48,169,770,-121,1
48,169,776,-121,1
48,169,782,-121,1
48,169,788,-121,1
48,169,794,-121,1
48,169,800,-121,1
48,193,506,-145,1
48,193,512,-145,1
48,193,518,-145,1
48,193,524,-145,1
48,193,530,-145,1
48,193,536,-145,1
48,193,542,-145,1
48,193,548,-145,1
48,193,554,-145,1
48,193,560,-145,1
48,193,566,-145,1
48,193,572,-145,1
48,193,578,-145,1
48,193,584,-145,1
48,193,590,-145,1
48,193,596,-145,1
48,193,602,-145,1
48,193,608,-145,1
48,193,614,-145,1
48,193,620,-145,1
48,193,626,-145,1
48,193,632,-145,1
48,193,638,-145,1
48,193,644,-145,1
48,193,650,-145,1
48,193,656,-145,1
48,193,662,-145,1
48,193,668,-145,1
48,193,674,-145,1
48,193,680,-145,1
48,193,686,-145,1
48,193,692,-145,1
48,193,698,-145,1
48,193,704,-145,1
48,193,710,-145,1
48,193,716,-145,1
48,193,722,-145,1
48,193,728,-145,1
48,193,734,-145,1
48,193,740,-145,1
48,193,746,-145,1
48,118,602,-70,1
48,118,608,-70,1
48,118,614,-70,1
48,118,620,-70,1
48,118,626,-70,1
48,118,632,-70,1
48,118,638,-70,1
48,118,644,-70,1
41,118,650,-77,0
34,118,656,-84,0
27,118,662,-91,0
27,118,668,-91,1
27,118,674,-91,1
27,118,680,-91,1
27,118,686,-91,1
27,118,692,-91,1
27,118,698,-91,1
27,118,704,-91,1
27,118,710,-91,1
27,118,716,-91,1
27,118,722,-91,1
27,118,728,-91,1
27,118,734,-91,1
27,118,740,-91,1
27,118,746,-91,1
27,118,752,-91,1
27,118,758,-91,1
27,118,764,-91,1
27,118,770,-91,1
27,118,776,-91,1
27,118,782,-91,1
27,118,788,-91,1
27,118,794,-91,1
27,118,800,-91,1
34,274,506,-240,2
41,274,512,-233,2
48,274,518,-226,2
55,274,524,-219,2
62,274,530,-212,2
69,274,536,-205,2
76,274,542,-198,2
76,274,548,-198,1
76,274,554,-198,1
76,274,560,-198,1
76,274,566,-198,1
76,274,572,-198,1
76,274,578,-198,1
76,274,584,-198,1
76,274,590,-198,1
76,274,596,-198,1
76,274,602,-198,1
76,274,608,-198,1
76,274,614,-198,1
76,274,620,-198,1
76,274,626,-198,1
76,274,632,-198,1
76,274,638,-198,1
76,274,644,-198,1
76,274,650,-198,1
76,274,656,-198,1
83,274,662,-191,2
90,274,668,-184,2
97,274,674,-177,2
104,274,680,-170,2
111,274,686,-163,2
111,274,692,-163,1
111,274,698,-163,1
111,274,704,-163,1
111,274,710,-163,1
111,274,716,-163,1
111,274,722,-163,1
111,274,728,-163,1
111,274,734,-163,1
111,274,740,-163,1
111,274,746,-163,1
111,274,752,-163,1
111,274,758,-163,1
111,274,764,-163,1
111,235,620,-124,1
111,235,626,-124,1
111,235,632,-124,1
111,235,638,-124,1
111,235,644,-124,1
111,235,650,-124,1
111,235,656,-124,1
111,235,662,-124,1
111,235,668,-124,1
111,235,674,-124,1
111,235,680,-124,1
111,235,686,-124,1
111,235,692,-124,1
111,235,698,-124,1
111,235,704,-124,1
111,235,710,-124,1
111,235,716,-124,1
111,235,722,-124,1
111,235,728,-124,1
111,235,734,-124,1
111,235,740,-124,1
111,235,746,-124,1
111,235,752,-124,1
111,235,758,-124,1
111,235,764,-124,1
111,235,770,-124,1
111,235,776,-124,1
111,235,782,-124,1
111,235,788,-124,1
111,235,794,-124,1
111,235,800,-124,1
111,253,656,-142,1
111,253,662,-142,1
111,253,668,-142,1
111,253,674,-142,1
111,253,680,-142,1
111,253,686,-142,1
111,253,692,-142,1
111,253,698,-142,1
111,253,704,-142,1
111,253,710,-142,1
111,253,716,-142,1
111,253,722,-142,1
111,253,728,-142,1
111,253,734,-142,1
118,253,740,-135,2
125,253,746,-128,2
132,253,752,-121,2
139,253,758,-114,2
146,253,764,-107,2
153,253,770,-100,2
160,253,776,-93,2
167,253,782,-86,2
174,253,788,-79,2
174,253,794,-79,1
174,253,800,-79,1
174,406,656,-232,1
174,406,662,-232,1
174,406,668,-232,1
174,406,674,-232,1
174,406,680,-232,1
174,406,686,-232,1
174,406,692,-232,1
174,406,698,-232,1
174,406,704,-232,1
174,406,710,-232,1
174,406,716,-232,1
174,406,722,-232,1
174,406,728,-232,1
174,406,734,-232,1
174,406,740,-232,1
174,406,746,-232,1
174,406,752,-232,1
181,406,758,-225,2
188,406,764,-218,2
195,406,770,-211,2
202,406,776,-204,2
209,406,782,-197,2
216,406,788,-190,2
223,406,794,-183,2
223,406,800,-183,1
223,463,506,-240,1
223,463,512,-240,1
223,463,518,-240,1
223,463,524,-240,1
223,463,530,-240,1
223,463,536,-240,1
223,463,542,-240,1
223,463,548,-240,1
223,463,554,-240,1
223,463,560,-240,1
223,463,566,-240,1
223,463,572,-240,1
223,463,578,-240,1
223,463,584,-240,1
223,463,590,-240,1
223,463,596,-240,1
223,463,602,-240,1
223,463,608,-240,1
223,463,614,-240,1
223,463,620,-240,1
223,463,626,-240,1
223,463,632,-240,1
223,463,638,-240,1
223,463,644,-240,1
223,463,650,-240,1
223,463,656,-240,1
223,463,662,-240,1
223,463,668,-240,1
223,463,674,-240,1
223,463,680,-240,1
223,463,686,-240,1
223,463,692,-240,1
223,463,698,-240,1
223,463,704,-240,1
223,463,710,-240,1
223,463,716,-240,1
223,463,722,-240,1
223,463,728,-240,1
223,37,584,186,1
223,37,590,186,1
223,37,596,186,1
223,37,602,186,1
223,37,608,186,1
223,37,614,186,1
223,37,620,186,1
223,37,626,186,1
223,37,632,186,1
223,37,638,186,1
223,37,644,186,1
223,37,650,186,1
223,37,656,186,1
223,37,662,186,1
223,37,668,186,1
223,37,674,186,1
223,37,680,186,1
223,37,686,186,1
223,37,692,186,1
223,37,698,186,1
223,37,704,186,1
223,37,710,186,1
223,37,716,186,1
223,37,722,186,1
223,37,728,186,1
223,37,734,186,1
223,37,740,186,1
223,37,746,186,1
223,37,752,186,1
223,37,758,186,1
223,37,764,186,1
216,37,770,179,0
209,37,776,172,0
202,37,782,165,0
195,37,788,158,0
188,37,794,151,0
181,37,800,144,0
174,398,656,-224,0
174,398,662,-224,1
174,398,668,-224,1
174,398,674,-224,1
174,398,680,-224,1
174,398,686,-224,1
174,398,692,-224,1
174,398,698,-224,1
174,313,554,-139,1
174,313,560,-139,1
174,313,566,-139,1
174,313,572,-139,1
174,313,578,-139,1
174,313,584,-139,1
174,313,590,-139,1
174,313,596,-139,1
174,313,602,-139,1
174,313,608,-139,1
174,313,614,-139,1
174,313,620,-139,1
174,313,626,-139,1
174,313,632,-139,1
174,313,638,-139,1
174,313,644,-139,1
174,313,650,-139,1
174,313,656,-139,1
174,313,662,-139,1
174,313,668,-139,1
174,313,674,-139,1
174,313,680,-139,1
174,313,686,-139,1
174,313,692,-139,1
174,313,698,-139,1
174,313,704,-139,1
174,313,710,-139,1
174,313,716,-139,1
174,313,722,-139,1
174,313,728,-139,1
174,313,734,-139,1
174,313,740,-139,1
174,313,746,-139,1
174,313,752,-139,1
174,313,758,-139,1
174,313,764,-139,1
174,313,770,-139,1
174,313,776,-139,1
174,313,782,-139,1
174,313,788,-139,1
174,313,794,-139,1
174,313,800,-139,1
174,64,506,110,1
181,64,512,117,2
188,64,518,124,2
195,64,524,131,2
202,64,530,138,2
209,64,536,145,2
216,64,542,152,2
216,64,548,152,1
216,64,554,152,1
216,64,560,152,1
216,64,566,152,1
216,64,572,152,1
216,64,578,152,1
216,64,584,152,1
223,64,590,159,2
230,64,596,166,2
237,64,602,173,2
244,64,608,180,2
251,64,614,187,2
258,469,770,-211,2
265,469,776,-204,2
272,469,782,-197,2
279,469,788,-190,2
286,469,794,-183,2
293,469,800,-176,2
300,264,506,36,2
307,264,512,43,2
314,264,518,50,2
321,264,524,57,2
328,264,530,64,2
335,264,536,71,2
342,264,542,78,2
349,264,548,85,2
356,264,554,92,2
363,264,560,99,2
370,264,566,106,2
377,264,572,113,2
384,264,578,120,2
391,264,584,127,2
398,264,590,134,2
405,264,596,141,2
412,264,602,148,2
419,264,608,155,2
426,264,614,162,2
426,264,620,162,1
426,264,626,162,1
426,264,632,162,1
426,264,638,162,1
426,264,644,162,1
426,264,650,162,1
426,264,656,162,1
426,264,662,162,1
426,264,668,162,1
426,264,674,162,1
426,264,680,162,1
426,264,686,162,1
426,264,692,162,1
426,264,698,162,1
426,264,704,162,1
426,264,710,162,1
426,264,716,162,1
426,264,722,162,1
426,264,728,162,1
426,264,734,162,1
426,264,740,162,1
426,264,746,162,1
426,264,752,162,1
426,264,758,162,1
426,264,764,162,1
426,303,620,123,1
426,303,626,123,1
426,303,632,123,1
426,303,638,123,1
426,303,644,123,1
426,303,650,123,1
426,303,656,123,1
426,303,662,123,1
426,303,668,123,1
426,303,674,123,1
426,303,680,123,1
426,303,686,123,1
426,303,692,123,1
426,303,698,123,1
426,303,704,123,1
426,303,710,123,1
426,303,716,123,1
426,303,722,123,1
426,303,728,123,1
426,303,734,123,1
426,303,740,123,1
426,303,746,123,1
426,303,752,123,1
426,303,758,123,1
426,303,764,123,1
426,303,770,123,1
426,303,776,123,1
426,303,782,123,1
426,303,788,123,1
426,303,794,123,1
426,303,800,123,1
419,403,506,16,0
412,403,512,9,0
405,403,518,2,0
398,403,524,-5,0
391,403,530,-12,0
384,403,536,-19,0
377,403,542,-26,0
370,403,548,-33,0
363,403,554,-40,0
356,403,560,-47,0
349,403,566,-54,0
342,403,572,-61,0
335,403,578,-68,0
328,403,584,-75,0
321,403,590,-82,0
314,403,596,-89,0
307,403,602,-96,0
300,403,608,-103,0
293,403,614,-110,0
286,403,620,-117,0
279,403,626,-124,0
272,403,632,-131,0
265,403,638,-138,0
258,403,644,-145,0
251,403,650,-152,0
251,403,656,-152,1
251,403,662,-152,1
251,403,668,-152,1
251,403,674,-152,1
251,403,680,-152,1
251,403,686,-152,1
251,403,692,-152,1
251,403,698,-152,1
251,403,704,-152,1
251,403,710,-152,1
251,403,716,-152,1
251,403,722,-152,1
251,403,728,-152,1
251,403,734,-152,1
251,403,740,-152,1
251,403,746,-152,1
251,403,752,-152,1
251,403,758,-152,1
251,403,764,-152,1
251,403,770,-152,1
251,403,776,-152,1
251,403,782,-152,1
251,403,788,-152,1
251,403,794,-152,1
251,403,800,-152,1
251,530,656,-279,1
251,530,662,-279,1
251,530,668,-279,1
251,530,674,-279,1
251,530,680,-279,1
251,530,686,-279,1
251,530,692,-279,1
251,530,698,-279,1
251,530,704,-279,1
251,530,710,-279,1
258,530,716,-272,2
265,530,722,-265,2
272,530,728,-258,2
279,530,734,-251,2
286,530,740,-244,2
293,530,746,-237,2
300,530,752,-230,2
307,530,758,-223,2
314,530,764,-216,2
321,530,770,-209,2
328,530,776,-202,2
335,530,782,-195,2
342,530,788,-188,2
342,530,794,-188,1
342,530,800,-188,1
342,536,656,-194,1
342,536,662,-194,1
342,536,668,-194,1
342,536,674,-194,1
342,536,680,-194,1
342,536,686,-194,1
342,536,692,-194,1
342,536,698,-194,1
342,536,704,-194,1
342,249,560,93,1
342,249,566,93,1
342,249,572,93,1
342,249,578,93,1
342,249,584,93,1
342,249,590,93,1
342,249,596,93,1
342,249,602,93,1
342,249,608,93,1
342,249,614,93,1
349,249,620,100,2
356,249,626,107,2
363,249,632,114,2
370,249,638,121,2
377,249,644,128,2
384,249,650,135,2
391,249,656,142,2
398,249,662,149,2
405,249,668,156,2
412,249,674,163,2
419,249,680,170,2
419,249,686,170,1
419,249,692,170,1
419,249,698,170,1
419,249,704,170,1
419,249,710,170,1
419,249,716,170,1
419,249,722,170,1
419,249,728,170,1
419,249,734,170,1
419,249,740,170,1
419,249,746,170,1
419,249,752,170,1
419,249,758,170,1
419,249,764,170,1
419,249,770,170,1
419,249,776,170,1
419,249,782,170,1
419,249,788,170,1
419,249,794,170,1
419,249,800,170,1
426,345,506,81,2
433,345,512,88,2
440,345,518,95,2
447,345,524,102,2
454,345,530,109,2
461,345,536,116,2
468,345,542,123,2
468,345,548,123,1
468,345,554,123,1
468,345,560,123,1
468,345,566,123,1
468,345,572,123,1
468,345,578,123,1
468,345,584,123,1
468,345,590,123,1
468,345,596,123,1
468,345,602,123,1
468,345,608,123,1
468,345,614,123,1
468,345,620,123,1
468,345,626,123,1
468,345,632,123,1
468,345,638,123,1
468,345,644,123,1
468,345,650,123,1
468,345,656,123,1
468,345,662,123,1
468,345,668,123,1
468,345,674,123,1
468,345,680,123,1
468,345,686,123,1
468,345,692,123,1
468,345,698,123,1
468,345,704,123,1
468,345,710,123,1
468,345,716,123,1
468,345,722,123,1
468,345,728,123,1
468,345,734,123,1
468,345,740,123,1
468,345,746,123,1
468,345,752,123,1
468,345,758,123,1
468,345,764,123,1
468,345,770,123,1
468,345,776,123,1
468,345,782,123,1
468,345,788,123,1
468,345,794,123,1
468,345,800,123,1
468,296,656,172,1
468,296,662,172,1
468,296,668,172,1
468,296,674,172,1
468,296,680,172,1
461,296,686,165,0
454,296,692,158,0
447,296,698,151,0
440,296,704,144,0
433,296,710,137,0
426,296,716,130,0
419,296,722,123,0
412,296,728,116,0
412,296,734,116,1
412,296,740,116,1
412,296,746,116,1
412,296,752,116,1
412,296,758,116,1
412,296,764,116,1
412,296,770,116,1
412,296,776,116,1
412,486,632,-74,1
405,486,638,-81,0
398,296,794,102,0
391,296,800,95,0
384,486,656,-102,0
377,486,662,-109,0
370,486,668,-116,0
363,486,674,-123,0
356,486,680,-130,0
349,486,686,-137,0
342,486,692,-144,0
335,486,698,-151,0
328,486,704,-158,0
321,486,710,-165,0
321,486,716,-165,1
321,486,722,-165,1
321,486,728,-165,1
321,486,734,-165,1
321,486,740,-165,1
321,410,596,-89,1
321,410,602,-89,1
321,410,608,-89,1
321,410,614,-89,1
314,410,620,-96,0
307,410,626,-103,0
300,410,632,-110,0
293,410,638,-117,0
286,410,644,-124,0
279,410,650,-131,0
272,410,656,-138,0
265,410,662,-145,0
258,410,668,-152,0
258,410,674,-152,1
258,410,680,-152,1
258,410,686,-152,1
258,410,692,-152,1
258,410,698,-152,1
258,410,704,-152,1
258,410,710,-152,1
258,410,716,-152,1
258,410,722,-152,1
258,410,728,-152,1
258,410,734,-152,1
258,410,740,-152,1
258,410,746,-152,1
258,410,752,-152,1
258,410,758,-152,1
258,159,614,99,1
258,159,620,99,1
258,159,626,99,1
258,159,632,99,1
258,159,638,99,1
258,159,644,99,1
258,159,650,99,1
258,159,656,99,1
258,159,662,99,1
258,159,668,99,1
258,159,674,99,1
258,159,680,99,1
258,159,686,99,1
258,159,692,99,1
258,159,698,99,1
258,159,704,99,1
258,159,710,99,1
258,159,716,99,1
258,159,722,99,1
258,159,728,99,1
258,159,734,99,1
258,159,740,99,1
258,159,746,99,1
258,159,752,99,1
258,159,758,99,1
258,159,764,99,1
258,159,770,99,1
258,159,776,99,1
258,159,782,99,1
258,159,788,99,1
258,159,794,99,1
258,159,800,99,1
258,16,656,242,1
258,16,662,242,1
258,16,668,242,1
258,16,674,242,1
258,16,680,242,1
258,16,686,242,1
258,16,692,242,1
258,16,698,242,1
258,16,704,242,1
258,16,710,242,1
258,16,716,242,1
258,16,722,242,1
258,16,728,242,1
251,16,734,235,0
244,16,740,228,0
237,16,746,221,0
237,16,752,221,1
237,53,608,184,1
237,53,614,184,1
237,53,620,184,1
237,53,626,184,1
244,53,632,191,2
251,53,638,198,2
258,53,644,205,2
265,53,650,212,2
272,53,656,219,2
279,202,512,77,2
286,202,518,84,2
293,202,524,91,2
300,202,530,98,2
307,202,536,105,2
307,202,542,105,1
307,202,548,105,1
307,202,554,105,1
307,202,560,105,1
307,202,566,105,1
307,202,572,105,1
307,202,578,105,1
307,202,584,105,1
307,202,590,105,1
307,202,596,105,1
307,202,602,105,1
307,202,608,105,1
307,202,614,105,1
307,202,620,105,1
307,202,626,105,1
307,202,632,105,1
307,202,638,105,1
307,202,644,105,1
307,202,650,105,1
307,202,656,105,1
307,202,662,105,1
307,202,668,105,1
307,202,674,105,1
307,202,680,105,1
307,202,686,105,1
307,202,692,105,1
307,202,698,105,1
307,202,704,105,1
307,202,710,105,1
307,202,716,105,1
307,202,722,105,1
307,202,728,105,1
307,202,734,105,1
307,202,740,105,1
307,202,746,105,1
307,202,752,105,1
307,202,758,105,1
307,202,764,105,1
307,202,770,105,1
307,202,776,105,1
307,202,782,105,1
307,202,788,105,1
300,202,794,98,0
293,202,800,91,0
286,476,656,-190,0
279,476,662,-197,0
272,476,668,-204,0
265,476,674,-211,0
258,476,680,-218,0
258,476,686,-218,1
258,476,692,-218,1
258,476,698,-218,1
258,476,704,-218,1
258,476,710,-218,1
258,476,716,-218,1
258,476,722,-218,1
258,476,728,-218,1
258,476,734,-218,1
258,476,740,-218,1
258,476,746,-218,1
258,476,752,-218,1
258,476,758,-218,1
258,476,764,-218,1
258,66,620,192,1
258,66,626,192,1
258,66,632,192,1
258,66,638,192,1
258,66,644,192,1
258,66,650,192,1
258,66,656,192,1
258,66,662,192,1
258,66,668,192,1
258,66,674,192,1
258,66,680,192,1
258,66,686,192,1
258,66,692,192,1
258,66,698,192,1
258,66,704,192,1
258,66,710,192,1
258,66,716,192,1
258,66,722,192,1
258,66,728,192,1
258,66,734,192,1
258,66,740,192,1
258,66,746,192,1
258,66,752,192,1
258,66,758,192,1
258,66,764,192,1
258,66,770,192,1
258,66,776,192,1
258,66,782,192,1
258,66,788,192,1
258,66,794,192,1
258,66,800,192,1
258,296,506,-38,1
258,296,512,-38,1
258,296,518,-38,1
251,296,524,-45,0
244,296,530,-52,0
237,296,536,-59,0
230,296,542,-66,0
223,296,548,-73,0
216,296,554,-80,0
209,296,560,-87,0
202,296,566,-94,0
195,296,572,-101,0
188,296,578,-108,0
181,296,584,-115,0
174,296,590,-122,0
167,296,596,-129,0
160,296,602,-136,0
160,296,608,-136,1
160,296,614,-136,1
160,296,620,-136,1
160,296,626,-136,1
160,296,632,-136,1
160,296,638,-136,1
160,296,644,-136,1
160,296,650,-136,1
160,296,656,-136,1
160,296,662,-136,1
160,296,668,-136,1
160,296,674,-136,1
160,296,680,-136,1
160,296,686,-136,1
160,296,692,-136,1
160,296,698,-136,1
160,296,704,-136,1
160,296,710,-136,1
160,296,716,-136,1
160,296,722,-136,1
160,296,728,-136,1
160,296,734,-136,1
160,296,740,-136,1
160,296,746,-136,1
160,296,752,-136,1
160,296,758,-136,1
160,296,764,-136,1
160,296,770,-136,1
160,296,776,-136,1
160,296,782,-136,1
160,296,788,-136,1
167,296,794,-129,2
174,296,800,-122,2
181,12,656,169,2
188,12,662,176,2
195,12,668,183,2
202,12,674,190,2
209,12,680,197,2
209,12,686,197,1
209,12,692,197,1
209,12,698,197,1
209,12,704,197,1
209,12,710,197,1
209,12,716,197,1
209,12,722,197,1
209,12,728,197,1
209,12,734,197,1
209,12,740,197,1
209,12,746,197,1
209,12,752,197,1
209,12,758,197,1
209,12,764,197,1
209,12,770,197,1
216,37,626,179,2
223,37,632,186,2
230,37,638,193,2
237,37,644,200,2
244,37,650,207,2
251,37,656,214,2
258,37,662,221,2
265,37,668,228,2
272,37,674,235,2
279,37,680,242,2
286,37,686,249,2
293,37,692,256,2
293,37,698,256,1
293,37,704,256,1
293,37,710,256,1
293,37,716,256,1
293,37,722,256,1
293,37,728,256,1
293,37,734,256,1
293,37,740,256,1
293,37,746,256,1
293,37,752,256,1
293,37,758,256,1
293,37,764,256,1
293,37,770,256,1
293,37,776,256,1
293,37,782,256,1
293,37,788,256,1
293,37,794,256,1
293,37,800,256,1
293,558,656,-265,1
293,558,662,-265,1
293,558,668,-265,1
293,558,674,-265,1
293,558,680,-265,1
293,558,686,-265,1
293,558,692,-265,1
293,558,698,-265,1
293,558,704,-265,1
293,558,710,-265,1
293,558,716,-265,1
293,558,722,-265,1
293,558,728,-265,1
293,558,734,-265,1
293,558,740,-265,1
293,558,746,-265,1
293,558,752,-265,1
293,558,758,-265,1
293,558,764,-265,1
293,558,770,-265,1
293,558,776,-265,1
293,558,782,-265,1
293,558,788,-265,1
293,558,794,-265,1
293,558,800,-265,1
293,451,506,-158,1
293,451,512,-158,1
293,451,518,-158,1
293,451,524,-158,1
293,451,530,-158,1
293,451,536,-158,1
293,451,542,-158,1
293,451,548,-158,1
293,451,554,-158,1
293,451,560,-158,1
293,451,566,-158,1
293,451,572,-158,1
293,451,578,-158,1
293,451,584,-158,1
293,451,590,-158,1
293,451,596,-158,1
293,451,602,-158,1
293,451,608,-158,1
293,451,614,-158,1
293,451,620,-158,1
293,451,626,-158,1
293,451,632,-158,1
293,451,638,-158,1
293,451,644,-158,1
293,451,650,-158,1
293,451,656,-158,1
293,451,662,-158,1
293,451,668,-158,1
293,451,674,-158,1
293,451,680,-158,1
293,451,686,-158,1
293,451,692,-158,1
293,451,698,-158,1
293,451,704,-158,1
293,451,710,-158,1
293,451,716,-158,1
293,451,722,-158,1
293,451,728,-158,1
293,451,734,-158,1
293,451,740,-158,1
293,451,746,-158,1
293,451,752,-158,1
293,451,758,-158,1
293,451,764,-158,1
293,451,770,-158,1
293,451,776,-158,1
293,451,782,-158,1
293,451,788,-158,1
293,451,794,-158,1
300,451,800,-151,2
307,144,656,163,2
314,144,662,170,2
321,144,668,177,2
328,144,674,184,2
335,144,680,191,2
342,144,686,198,2
349,144,692,205,2
356,144,698,212,2
356,144,704,212,1
356,144,710,212,1
356,144,716,212,1
356,144,722,212,1
356,144,728,212,1
356,144,734,212,1
363,144,740,219,2
370,144,746,226,2
377,144,752,233,2
384,144,758,240,2
391,144,764,247,2
398,144,770,254,2
405,344,476,61,2
412,344,482,68,2
419,344,488,75,2
426,344,494,82,2
433,344,500,89,2
440,344,506,96,2
447,344,512,103,2
454,344,518,110,2
461,344,524,117,2
461,344,530,117,1
461,344,536,117,1
461,344,542,117,1
461,344,548,117,1
461,344,554,117,1
461,344,560,117,1
461,344,566,117,1
461,344,572,117,1
461,344,578,117,1
461,344,584,117,1
461,344,590,117,1
461,344,596,117,1
461,344,602,117,1
461,344,608,117,1
461,344,614,117,1
461,344,620,117,1
461,344,626,117,1
461,344,632,117,1
461,344,638,117,1
461,344,644,117,1
461,344,650,117,1
461,344,656,117,1
461,344,662,117,1
461,344,668,117,1
461,344,674,117,1
461,344,680,117,1
461,344,686,117,1
461,344,692,117,1
461,344,698,117,1
461,344,704,117,1
461,344,710,117,1
461,344,716,117,1
461,344,722,117,1
461,344,728,117,1
461,344,734,117,1
461,344,740,117,1
461,344,746,117,1
461,344,752,117,1
461,344,758,117,1
461,344,764,117,1
461,344,770,117,1
461,344,776,117,1
461,344,782,117,1
461,344,788,117,1
461,344,794,117,1
461,344,800,117,1
461,226,506,235,1
461,226,512,235,1
461,226,518,235,1
461,226,524,235,1
461,226,530,235,1
461,226,536,235,1
461,226,542,235,1
461,226,548,235,1
461,226,554,235,1
461,226,560,235,1
461,226,566,235,1
461,226,572,235,1
461,226,578,235,1
461,226,584,235,1
461,226,590,235,1
461,226,596,235,1
461,226,602,235,1
461,226,608,235,1
461,226,614,235,1
461,226,620,235,1
461,226,626,235,1
461,226,632,235,1
461,226,638,235,1
461,226,644,235,1
461,226,650,235,1
461,226,656,235,1
461,226,662,235,1
461,226,668,235,1
461,226,674,235,1
461,226,680,235,1
461,226,686,235,1
461,226,692,235,1
461,226,698,235,1
461,226,704,235,1
461,226,710,235,1
461,226,716,235,1
461,226,722,235,1
461,226,728,235,1
461,226,734,235,1
461,226,740,235,1
461,226,746,235,1
461,226,752,235,1
461,226,758,235,1
461,226,764,235,1
461,226,770,235,1
461,226,776,235,1
461,226,782,235,1
461,226,788,235,1
454,226,794,228,0
447,226,800,221,0
440,507,356,-67,0
433,507,362,-74,0
426,61,668,365,0
419,61,674,358,0
412,61,680,351,0
405,61,686,344,0
398,61,692,337,0
391,61,698,330,0
384,61,704,323,0
377,61,710,316,0
370,61,716,309,0
370,61,722,309,1
370,61,728,309,1
370,99,584,271,1
370,99,590,271,1
370,99,596,271,1
370,99,602,271,1
370,99,608,271,1
370,99,614,271,1
370,99,620,271,1
370,507,476,-137,1
370,507,482,-137,1
370,507,488,-137,1
370,507,494,-137,1
370,507,500,-137,1
370,507,506,-137,1
363,507,512,-144,0
356,507,518,-151,0
349,99,674,250,0
342,99,680,243,0
335,99,686,236,0
328,99,692,229,0
321,99,698,222,0
314,99,704,215,0
307,99,710,208,0
307,99,716,208,1
307,99,722,208,1
307,99,728,208,1
307,99,734,208,1
307,99,740,208,1
307,99,746,208,1
307,99,752,208,1
307,99,758,208,1
307,99,764,208,1
307,99,770,208,1
307,99,776,208,1
307,99,782,208,1
307,99,788,208,1
307,99,794,208,1
307,507,650,-200,1
307,507,656,-200,1
307,507,662,-200,1
307,507,668,-200,1
300,507,674,-207,0
293,368,530,-75,0
286,368,536,-82,0
279,368,542,-89,0
272,368,548,-96,0
265,368,554,-103,0
258,368,560,-110,0
251,368,566,-117,0
244,368,572,-124,0
237,368,578,-131,0
230,368,584,-138,0
223,368,590,-145,0
216,368,596,-152,0
209,368,602,-159,0
202,368,608,-166,0
195,368,614,-173,0
188,368,620,-180,0
181,368,626,-187,0
174,368,632,-194,0
167,368,638,-201,0
160,368,644,-208,0
153,368,650,-215,0
146,368,656,-222,0
146,368,662,-222,1
146,232,518,-86,1
146,232,524,-86,1
146,232,530,-86,1
146,232,536,-86,1
146,232,542,-86,1
146,232,548,-86,1
146,232,554,-86,1
146,232,560,-86,1
146,232,566,-86,1
146,232,572,-86,1
146,232,578,-86,1
146,232,584,-86,1
146,232,590,-86,1
146,232,596,-86,1
146,232,602,-86,1
146,232,608,-86,1
139,232,614,-93,0
132,232,620,-100,0
125,232,626,-107,0
118,232,632,-114,0
111,232,638,-121,0
104,232,644,-128,0
97,232,650,-135,0
97,232,656,-135,1
97,232,662,-135,1
97,232,668,-135,1
97,232,674,-135,1
97,232,680,-135,1
97,232,686,-135,1
97,232,692,-135,1
97,232,698,-135,1
97,232,704,-135,1
97,232,710,-135,1
97,232,716,-135,1
97,232,722,-135,1
97,232,728,-135,1
97,232,734,-135,1
97,232,740,-135,1
97,232,746,-135,1
97,232,752,-135,1
97,232,758,-135,1
97,232,764,-135,1
97,232,770,-135,1
97,232,776,-135,1
97,232,782,-135,1
97,232,788,-135,1
97,232,794,-135,1
97,232,800,-135,1
97,201,506,-104,1
97,201,512,-104,1
97,201,518,-104,1
97,201,524,-104,1
97,201,530,-104,1
97,201,536,-104,1
97,201,542,-104,1
97,201,548,-104,1
97,201,554,-104,1
97,201,560,-104,1
97,201,566,-104,1
97,201,572,-104,1
97,201,578,-104,1
97,201,584,-104,1
97,201,590,-104,1
97,201,596,-104,1
97,201,602,-104,1
97,201,608,-104,1
97,201,614,-104,1
97,201,620,-104,1
97,201,626,-104,1
97,201,632,-104,1
97,201,638,-104,1
97,201,644,-104,1
97,201,650,-104,1
97,201,656,-104,1
97,201,662,-104,1
97,201,668,-104,1
97,201,674,-104,1
97,201,680,-104,1
97,201,686,-104,1
97,201,692,-104,1
97,201,698,-104,1
97,201,704,-104,1
97,201,710,-104,1
97,201,716,-104,1
97,201,722,-104,1
97,201,728,-104,1
97,201,734,-104,1
97,201,740,-104,1
97,201,746,-104,1
97,201,752,-104,1
97,201,758,-104,1
97,201,764,-104,1
97,201,770,-104,1
97,201,776,-104,1
97,201,782,-104,1
97,201,788,-104,1
97,201,794,-104,1
97,201,800,-104,1
97,345,656,-248,1
97,345,662,-248,1
97,345,668,-248,1
97,345,674,-248,1
97,249,530,-152,1
97,249,536,-152,1
97,249,542,-152,1
97,249,548,-152,1
97,249,554,-152,1
97,249,560,-152,1
97,249,566,-152,1
97,249,572,-152,1
97,249,578,-152,1
97,249,584,-152,1
97,249,590,-152,1
97,249,596,-152,1
97,249,602,-152,1
97,249,608,-152,1
97,249,614,-152,1
97,249,620,-152,1
97,249,626,-152,1
97,249,632,-152,1
97,249,638,-152,1
97,249,644,-152,1
97,249,650,-152,1
97,249,656,-152,1
90,249,662,-159,0
83,249,668,-166,0
76,249,674,-173,0
69,249,680,-180,0
69,249,686,-180,1
69,249,692,-180,1
69,249,698,-180,1
69,249,704,-180,1
69,249,710,-180,1
69,249,716,-180,1
69,249,722,-180,1
69,249,728,-180,1
69,249,734,-180,1
69,249,740,-180,1
69,249,746,-180,1
69,249,752,-180,1
69,249,758,-180,1
69,206,614,-137,1
69,206,620,-137,1
69,206,626,-137,1
69,206,632,-137,1
69,206,638,-137,1
69,206,644,-137,1
69,206,650,-137,1
62,206,656,-144,0
55,206,662,-151,0
48,206,668,-158,0
41,206,674,-165,0
34,206,680,-172,0
27,206,686,-179,0
20,206,692,-186,0
20,206,698,-186,1
20,206,704,-186,1
20,206,710,-186,1
20,206,716,-186,1
20,206,722,-186,1
20,206,728,-186,1
20,206,734,-186,1
20,137,590,-117,1
20,137,596,-117,1
20,137,602,-117,1
20,137,608,-117,1
20,137,614,-117,1
20,137,620,-117,1
20,137,626,-117,1
20,137,632,-117,1
20,137,638,-117,1
20,137,644,-117,1
20,137,650,-117,1
20,137,656,-117,1
20,137,662,-117,1
20,137,668,-117,1
20,137,674,-117,1
20,137,680,-117,1
20,137,686,-117,1
20,137,692,-117,1
20,137,698,-117,1
20,137,704,-117,1
20,137,710,-117,1
20,137,716,-117,1
20,137,722,-117,1
20,137,728,-117,1
20,137,734,-117,1
20,137,740,-117,1
20,137,746,-117,1
20,137,752,-117,1
20,137,758,-117,1
20,137,764,-117,1
20,137,770,-117,1
20,137,776,-117,1
20,137,782,-117,1
20,137,788,-117,1
20,137,794,-117,1
20,137,800,-117,1
27,54,506,-27,2
34,54,512,-20,2
41,54,518,-13,2
48,54,524,-6,2
55,54,530,1,2
62,54,536,8,2
69,54,542,15,2
76,54,548,22,2
83,54,554,29,2
90,54,560,36,2
97,54,566,43,2
104,54,572,50,2
111,54,578,57,2
118,54,584,64,2
125,54,590,71,2
125,54,596,71,1
125,54,602,71,1
125,54,608,71,1
125,54,614,71,1
125,54,620,71,1
125,54,626,71,1
125,54,632,71,1
125,54,638,71,1
125,54,644,71,1
132,54,650,78,2
139,54,656,85,2
146,54,662,92,2
153,54,668,99,2
160,54,674,106,2
167,54,680,113,2
174,54,686,120,2
181,54,692,127,2
181,54,698,127,1
181,54,704,127,1
181,54,710,127,1
181,54,716,127,1
181,54,722,127,1
181,54,728,127,1
181,54,734,127,1
181,54,740,127,1
181,54,746,127,1
181,54,752,127,1
181,54,758,127,1
181,54,764,127,1
181,54,770,127,1
181,54,776,127,1
181,54,782,127,1
181,54,788,127,1
181,54,794,127,1
181,54,800,127,1
181,309,656,-128,1
181,309,662,-128,1
181,309,668,-128,1
181,309,674,-128,1
181,309,680,-128,1
181,309,686,-128,1
181,309,692,-128,1
181,309,698,-128,1
181,309,704,-128,1
181,309,710,-128,1
181,309,716,-128,1
181,309,722,-128,1
181,309,728,-128,1
181,309,734,-128,1
181,309,740,-128,1
181,309,746,-128,1
181,309,752,-128,1
181,309,758,-128,1
181,125,614,56,1
188,125,620,63,2
195,309,776,-114,2
202,309,782,-107,2
209,309,788,-100,2
209,309,794,-100,1
209,125,650,84,1
209,125,656,84,1
209,125,662,84,1
209,125,668,84,1
209,125,674,84,1
209,125,680,84,1
209,125,686,84,1
216,125,692,91,2
223,125,698,98,2
230,125,704,105,2
237,125,710,112,2
244,125,716,119,2
251,125,722,126,2
258,125,728,133,2
265,125,734,140,2
272,125,740,147,2
279,125,746,154,2
286,125,752,161,2
293,125,758,168,2
300,125,764,175,2
300,125,770,175,1
300,125,776,175,1
300,125,782,175,1
300,125,788,175,1
300,125,794,175,1
300,125,800,175,1
300,76,656,224,1
300,76,662,224,1
300,76,668,224,1
300,76,674,224,1
300,76,680,224,1
300,76,686,224,1
300,76,692,224,1
300,76,698,224,1
300,76,704,224,1
300,76,710,224,1
300,76,716,224,1
300,76,722,224,1
300,76,728,224,1
300,76,734,224,1
300,76,740,224,1
300,76,746,224,1
300,76,752,224,1
300,76,758,224,1
300,76,764,224,1
300,76,770,224,1
300,76,776,224,1
300,76,782,224,1
300,76,788,224,1
307,76,794,231,2
314,76,800,238,2
321,555,656,-234,2
328,555,662,-227,2
335,555,668,-220,2
342,555,674,-213,2
349,555,680,-206,2
356,555,686,-199,2
363,555,692,-192,2
363,555,698,-192,1
363,555,704,-192,1
363,555,710,-192,1
363,555,716,-192,1
363,555,722,-192,1
363,555,728,-192,1
363,555,734,-192,1
363,555,740,-192,1
363,555,746,-192,1
363,555,752,-192,1
363,555,758,-192,1
363,555,764,-192,1
363,555,770,-192,1
363,555,776,-192,1
363,555,782,-192,1
363,555,788,-192,1
363,555,794,-192,1
363,555,800,-192,1
363,119,656,244,1
363,119,662,244,1
363,119,668,244,1
363,119,674,244,1
363,119,680,244,1
363,119,686,244,1
363,119,692,244,1
363,119,698,244,1
363,119,704,244,1
363,119,710,244,1
363,119,716,244,1
363,119,722,244,1
363,119,728,244,1
363,119,734,244,1
363,164,590,199,1
363,164,596,199,1
363,164,602,199,1
363,164,608,199,1
363,164,614,199,1
363,164,620,199,1
363,164,626,199,1
363,164,632,199,1
363,164,638,199,1
363,164,644,199,1
363,164,650,199,1
363,164,656,199,1
363,164,662,199,1
363,164,668,199,1
363,164,674,199,1
363,164,680,199,1
363,164,686,199,1
363,164,692,199,1
363,164,698,199,1
363,164,704,199,1
363,164,710,199,1
363,164,716,199,1
363,164,722,199,1
356,164,728,192,0
349,164,734,185,0
342,164,740,178,0
335,164,746,171,0
328,164,752,164,0
328,164,758,164,1
328,164,764,164,1
328,164,770,164,1
328,164,776,164,1
328,164,782,164,1
328,164,788,164,1
328,164,794,164,1
328,164,800,164,1
328,118,656,210,1
328,118,662,210,1
328,118,668,210,1
328,118,674,210,1
328,118,680,210,1
328,118,686,210,1
328,118,692,210,1
328,118,698,210,1
328,118,704,210,1
328,118,710,210,1
328,118,716,210,1
328,118,722,210,1
335,118,728,217,2
342,118,734,224,2
349,118,740,231,2
356,118,746,238,2
363,554,602,-191,2
370,554,608,-184,2
377,554,614,-177,2
377,554,620,-177,1
377,554,626,-177,1
377,554,632,-177,1
377,554,638,-177,1
377,554,644,-177,1
377,554,650,-177,1
377,554,656,-177,1
377,554,662,-177,1
377,554,668,-177,1
377,554,674,-177,1
377,554,680,-177,1
377,554,686,-177,1
377,554,692,-177,1
377,554,698,-177,1
377,554,704,-177,1
377,554,710,-177,1
377,554,716,-177,1
377,554,722,-177,1
377,554,728,-177,1
377,554,734,-177,1
377,554,740,-177,1
377,554,746,-177,1
377,257,602,120,1
377,257,608,120,1
377,257,614,120,1
377,257,620,120,1
377,257,626,120,1
377,257,632,120,1
377,257,638,120,1
377,257,644,120,1
377,257,650,120,1
377,257,656,120,1
377,257,662,120,1
377,257,668,120,1
377,257,674,120,1
377,257,680,120,1
377,257,686,120,1
377,257,692,120,1
377,257,698,120,1
377,257,704,120,1
377,257,710,120,1
377,257,716,120,1
377,257,722,120,1
377,257,728,120,1
377,257,734,120,1
377,257,740,120,1
377,257,746,120,1
377,257,752,120,1
377,257,758,120,1
377,257,764,120,1
377,257,770,120,1
377,257,776,120,1
377,257,782,120,1
377,257,788,120,1
377,257,794,120,1
377,257,800,120,1
377,261,656,116,1
377,261,662,116,1
377,261,668,116,1
377,261,674,116,1
377,261,680,116,1
377,261,686,116,1
377,261,692,116,1
377,261,698,116,1
377,261,704,116,1
377,261,710,116,1
377,261,716,116,1
377,261,722,116,1
377,261,728,116,1
377,261,734,116,1
377,261,740,116,1
377,261,746,116,1
377,261,752,116,1
377,261,758,116,1
377,261,764,116,1
370,261,770,109,0
363,261,776,102,0
356,261,782,95,0
349,261,788,88,0
342,261,794,81,0
335,261,800,74,0
328,459,656,-131,0
321,459,662,-138,0
314,459,668,-145,0
307,459,674,-152,0
300,459,680,-159,0
293,459,686,-166,0
286,459,692,-173,0
279,459,698,-180,0
272,459,704,-187,0
272,459,710,-187,1
272,459,716,-187,1
272,459,722,-187,1
272,459,728,-187,1
272,459,734,-187,1
272,459,740,-187,1
272,459,746,-187,1
272,459,752,-187,1
272,459,758,-187,1
272,459,764,-187,1
272,459,770,-187,1
272,459,776,-187,1
272,459,782,-187,1
272,459,788,-187,1
272,459,794,-187,1
272,459,800,-187,1
272,518,656,-246,1
265,518,662,-253,0
258,518,668,-260,0
251,518,674,-267,0
244,518,680,-274,0
237,518,686,-281,0
237,25,542,212,1
237,25,548,212,1
237,25,554,212,1
237,25,560,212,1
237,25,566,212,1
237,25,572,212,1
237,25,578,212,1
237,25,584,212,1
237,25,590,212,1
237,25,596,212,1
237,25,602,212,1
237,25,608,212,1
237,25,614,212,1
237,25,620,212,1
237,25,626,212,1
237,25,632,212,1
237,25,638,212,1
237,25,644,212,1
237,25,650,212,1
237,25,656,212,1
237,25,662,212,1
237,25,668,212,1
237,25,674,212,1
237,25,680,212,1
237,25,686,212,1
237,25,692,212,1
237,25,698,212,1
237,25,704,212,1
237,25,710,212,1
237,25,716,212,1
237,25,722,212,1
237,25,728,212,1
237,25,734,212,1
237,25,740,212,1
237,25,746,212,1
237,25,752,212,1
237,25,758,212,1
237,25,764,212,1
237,25,770,212,1
237,25,776,212,1
237,25,782,212,1
237,25,788,212,1
237,25,794,212,1
237,25,800,212,1
237,421,506,-184,1
237,421,512,-184,1
237,421,518,-184,1
237,421,524,-184,1
237,421,530,-184,1
237,421,536,-184,1
237,421,542,-184,1
237,421,548,-184,1
237,421,554,-184,1
237,421,560,-184,1
237,421,566,-184,1
237,421,572,-184,1
237,421,578,-184,1
237,421,584,-184,1
237,421,590,-184,1
237,421,596,-184,1
237,421,602,-184,1
237,421,608,-184,1
237,421,614,-184,1
237,421,620,-184,1
237,421,626,-184,1
244,421,632,-177,2
251,421,638,-170,2
258,421,644,-163,2
265,421,650,-156,2
272,421,656,-149,2
279,421,662,-142,2
279,421,668,-142,1
279,421,674,-142,1
279,421,680,-142,1
279,421,686,-142,1
279,421,692,-142,1
279,421,698,-142,1
279,421,704,-142,1
279,421,710,-142,1
279,421,716,-142,1
279,421,722,-142,1
279,421,728,-142,1
279,421,734,-142,1
279,421,740,-142,1
279,421,746,-142,1
286,421,752,-135,2
293,421,758,-128,2
300,421,764,-121,2
307,421,770,-114,2
314,421,776,-107,2
321,421,782,-100,2
328,421,788,-93,2
328,421,794,-93,1
328,421,800,-93,1
328,217,656,111,1
328,217,662,111,1
328,217,668,111,1
328,217,674,111,1
328,217,680,111,1
328,217,686,111,1
328,217,692,111,1
328,217,698,111,1
328,217,704,111,1
328,217,710,111,1
328,217,716,111,1
328,217,722,111,1
328,217,728,111,1
328,217,734,111,1
328,217,740,111,1
328,217,746,111,1
328,217,752,111,1
328,217,758,111,1
328,217,764,111,1
328,217,770,111,1
328,217,776,111,1
328,217,782,111,1
328,217,788,111,1
328,217,794,111,1
328,217,800,111,1
328,381,506,-53,1
321,381,512,-60,0
314,381,518,-67,0
307,381,524,-74,0
300,381,530,-81,0
293,381,536,-88,0
286,381,542,-95,0
279,381,548,-102,0
272,381,554,-109,0
265,381,560,-116,0
265,381,566,-116,1
265,381,572,-116,1
265,381,578,-116,1
265,381,584,-116,1
265,381,590,-116,1
265,381,596,-116,1
265,381,602,-116,1
265,381,608,-116,1
265,381,614,-116,1
265,381,620,-116,1
265,381,626,-116,1
265,381,632,-116,1
265,381,638,-116,1
265,381,644,-116,1
265,381,650,-116,1
265,381,656,-116,1
265,381,662,-116,1
265,381,668,-116,1
265,381,674,-116,1
265,381,680,-116,1
265,381,686,-116,1
265,381,692,-116,1
265,381,698,-116,1
265,381,704,-116,1
265,381,710,-116,1
265,381,716,-116,1
265,381,722,-116,1
265,381,728,-116,1
265,381,734,-116,1
265,381,740,-116,1
265,381,746,-116,1
265,381,752,-116,1
265,381,758,-116,1
265,381,764,-116,1
265,381,770,-116,1
265,381,776,-116,1
265,381,782,-116,1
265,381,788,-116,1
265,381,794,-116,1
265,381,800,-116,1
265,85,656,180,1
265,85,662,180,1
265,85,668,180,1
265,85,674,180,1
265,85,680,180,1
265,85,686,180,1
265,85,692,180,1
265,85,698,180,1
265,85,704,180,1
272,85,710,187,2
279,85,716,194,2
286,85,722,201,2
293,85,728,208,2
300,85,734,215,2
307,85,740,222,2
314,85,746,229,2
314,85,752,229,1
314,85,758,229,1
314,85,764,229,1
314,85,770,229,1
314,85,776,229,1
314,85,782,229,1
314,85,788,229,1
314,85,794,229,1
314,85,800,229,1
314,48,656,266,1
314,48,662,266,1
314,48,668,266,1
314,48,674,266,1
314,48,680,266,1
314,48,686,266,1
314,48,692,266,1
314,48,698,266,1
314,48,704,266,1
314,110,560,204,1
314,110,566,204,1
314,110,572,204,1
314,110,578,204,1
314,110,584,204,1
314,110,590,204,1
314,110,596,204,1
314,110,602,204,1
314,110,608,204,1
321,110,614,211,2
328,110,620,218,2
335,110,626,225,2
342,110,632,232,2
342,110,638,232,1
342,110,644,232,1
342,110,650,232,1
342,110,656,232,1
342,110,662,232,1
342,110,668,232,1
342,110,674,232,1
342,110,680,232,1
342,110,686,232,1
342,110,692,232,1
342,110,698,232,1
342,110,704,232,1
342,110,710,232,1
342,110,716,232,1
342,110,722,232,1
342,110,728,232,1
342,110,734,232,1
342,110,740,232,1
342,110,746,232,1
342,110,752,232,1
342,110,758,232,1
342,110,764,232,1
342,110,770,232,1
342,110,776,232,1
342,110,782,232,1
335,110,788,225,0
328,110,794,218,0
321,110,800,211,0
314,62,656,252,0
307,62,662,245,0
300,62,668,238,0
293,62,674,231,0
293,62,680,231,1
293,62,686,231,1
293,62,692,231,1
293,62,698,231,1
293,62,704,231,1
293,62,710,231,1
293,62,716,231,1
293,62,722,231,1
293,62,728,231,1
293,62,734,231,1
293,62,740,231,1
293,62,746,231,1
293,62,752,231,1
293,62,758,231,1
293,62,764,231,1
293,62,770,231,1
293,62,776,231,1
293,62,782,231,1
293,62,788,231,1
293,62,794,231,1
293,62,800,231,1
293,528,656,-235,1
293,528,662,-235,1
293,528,668,-235,1
293,528,674,-235,1
293,528,680,-235,1
293,528,686,-235,1
293,528,692,-235,1
293,440,548,-147,1
293,440,554,-147,1
293,440,560,-147,1
293,440,566,-147,1
293,440,572,-147,1
293,440,578,-147,1
293,440,584,-147,1
293,440,590,-147,1
293,440,596,-147,1
293,440,602,-147,1
293,440,608,-147,1
293,440,614,-147,1
293,440,620,-147,1
293,440,626,-147,1
293,440,632,-147,1
293,440,638,-147,1
293,440,644,-147,1
293,440,650,-147,1
293,440,656,-147,1
293,440,662,-147,1
293,440,668,-147,1
293,440,674,-147,1
293,440,680,-147,1
293,440,686,-147,1
293,440,692,-147,1
293,440,698,-147,1
293,440,704,-147,1
293,440,710,-147,1
293,440,716,-147,1
293,440,722,-147,1
293,440,728,-147,1
293,440,734,-147,1
293,440,740,-147,1
293,440,746,-147,1
300,440,752,-140,2
307,440,758,-133,2
314,440,764,-126,2
321,440,770,-119,2
328,440,776,-112,2
335,440,782,-105,2
342,440,788,-98,2
349,440,794,-91,2
349,440,800,-91,1
349,229,656,120,1
349,229,662,120,1
349,229,668,120,1
349,229,674,120,1
349,229,680,120,1
349,229,686,120,1
349,229,692,120,1
349,229,698,120,1
349,229,704,120,1
349,229,710,120,1
349,229,716,120,1
349,229,722,120,1
349,229,728,120,1
349,229,734,120,1
349,229,740,120,1
349,229,746,120,1
349,229,752,120,1
349,229,758,120,1
349,229,764,120,1
349,229,770,120,1
356,229,776,127,2
363,229,782,134,2
370,229,788,141,2
377,229,794,148,2
384,229,800,155,2
391,256,506,135,2
398,256,512,142,2
405,256,518,149,2
405,256,524,149,1
405,256,530,149,1
405,256,536,149,1
405,256,542,149,1
405,256,548,149,1
405,256,554,149,1
405,256,560,149,1
405,256,566,149,1
405,256,572,149,1
405,256,578,149,1
405,256,584,149,1
405,256,590,149,1
405,256,596,149,1
405,256,602,149,1
405,256,608,149,1
405,256,614,149,1
405,256,620,149,1
405,256,626,149,1
405,256,632,149,1
405,256,638,149,1
405,256,644,149,1
405,256,650,149,1
405,256,656,149,1
405,256,662,149,1
405,256,668,149,1
405,256,674,149,1
405,256,680,149,1
405,256,686,149,1
405,256,692,149,1
405,256,698,149,1
405,256,704,149,1
405,256,710,149,1
405,256,716,149,1
405,256,722,149,1
405,256,728,149,1
405,256,734,149,1
405,256,740,149,1
405,256,746,149,1
405,256,752,149,1
405,256,758,149,1
405,256,764,149,1
405,256,770,149,1
405,256,776,149,1
405,256,782,149,1
405,256,788,149,1
405,256,794,149,1
405,256,800,149,1
405,117,656,288,1
405,117,662,288,1
405,117,668,288,1
405,117,674,288,1
405,117,680,288,1
405,117,686,288,1
405,117,692,288,1
398,117,698,281,0
391,117,704,274,0
384,117,710,267,0
377,117,716,260,0
370,117,722,253,0
363,117,728,246,0
356,117,734,239,0
349,117,740,232,0
342,117,746,225,0
335,117,752,218,0
328,117,758,211,0
321,117,764,204,0
314,117,770,197,0
307,117,776,190,0
307,117,782,190,1
307,117,788,190,1
307,117,794,190,1
307,117,800,190,1
307,59,656,248,1
307,59,662,248,1
307,59,668,248,1
307,59,674,248,1
307,458,530,-151,1
307,458,536,-151,1
307,458,542,-151,1
300,458,548,-158,0
293,59,704,234,0
286,59,710,227,0
279,59,716,220,0
272,59,722,213,0
265,59,728,206,0
258,59,734,199,0
251,59,740,192,0
244,59,746,185,0
237,59,752,178,0
230,59,758,171,0
223,59,764,164,0
216,59,770,157,0
216,59,776,157,1
216,59,782,157,1
216,59,788,157,1
216,59,794,157,1
216,59,800,157,1
216,458,656,-242,1
216,458,662,-242,1
216,342,518,-126,1
216,342,524,-126,1
216,342,530,-126,1
216,342,536,-126,1
216,342,542,-126,1
216,342,548,-126,1
216,342,554,-126,1
216,342,560,-126,1
216,342,566,-126,1
216,342,572,-126,1
216,342,578,-126,1
216,342,584,-126,1
216,342,590,-126,1
216,342,596,-126,1
216,342,602,-126,1
216,342,608,-126,1
216,342,614,-126,1
216,342,620,-126,1
216,342,626,-126,1
216,342,632,-126,1
216,342,638,-126,1
216,342,644,-126,1
216,342,650,-126,1
216,342,656,-126,1
216,342,662,-126,1
216,342,668,-126,1
216,342,674,-126,1
216,342,680,-126,1
216,342,686,-126,1
216,342,692,-126,1
216,342,698,-126,1
216,342,704,-126,1
216,342,710,-126,1
216,342,716,-126,1
216,342,722,-126,1
216,342,728,-126,1
216,342,734,-126,1
216,342,740,-126,1
216,342,746,-126,1
216,342,752,-126,1
216,342,758,-126,1
216,342,764,-126,1
216,342,770,-126,1
216,342,776,-126,1
216,342,782,-126,1
216,342,788,-126,1
216,342,794,-126,1
216,342,800,-126,1
216,356,656,-140,1
216,356,662,-140,1
216,356,668,-140,1
209,356,674,-147,0
202,356,680,-154,0
195,356,686,-161,0
188,356,692,-168,0
181,356,698,-175,0
174,356,704,-182,0
167,356,710,-189,0
167,356,716,-189,1
167,356,722,-189,1
167,356,728,-189,1
167,356,734,-189,1
167,356,740,-189,1
167,356,746,-189,1
167,356,752,-189,1
167,356,758,-189,1
167,356,764,-189,1
167,356,770,-189,1
167,356,776,-189,1
167,356,782,-189,1
167,356,788,-189,1
167,356,794,-189,1
167,356,800,-189,1
167,363,656,-196,1
167,363,662,-196,1
167,363,668,-196,1
167,363,674,-196,1
174,363,680,-189,2
181,363,686,-182,2
188,363,692,-175,2
188,363,698,-175,1
188,363,704,-175,1
188,363,710,-175,1
188,363,716,-175,1
188,363,722,-175,1
188,363,728,-175,1
188,363,734,-175,1
188,363,740,-175,1
188,363,746,-175,1
188,363,752,-175,1
188,363,758,-175,1
188,363,764,-175,1
188,363,770,-175,1
188,363,776,-175,1
188,363,782,-175,1
188,363,788,-175,1
188,363,794,-175,1
195,363,800,-168,2
202,82,506,120,2
209,82,512,127,2
216,82,518,134,2
223,82,524,141,2
230,82,530,148,2
230,82,536,148,1
230,82,542,148,1
230,82,548,148,1
230,82,554,148,1
230,82,560,148,1
230,82,566,148,1
230,82,572,148,1
230,82,578,148,1
230,82,584,148,1
230,82,590,148,1
230,82,596,148,1
230,82,602,148,1
230,82,608,148,1
230,82,614,148,1
230,82,620,148,1
230,82,626,148,1
230,82,632,148,1
230,82,638,148,1
230,82,644,148,1
230,82,650,148,1
230,82,656,148,1
230,82,662,148,1
230,82,668,148,1
230,82,674,148,1
230,82,680,148,1
230,82,686,148,1
230,82,692,148,1
230,82,698,148,1
230,82,704,148,1
230,82,710,148,1
230,82,716,148,1
223,82,722,141,0
216,82,728,134,0
209,82,734,127,0
202,82,740,120,0
195,82,746,113,0
188,82,752,106,0
181,82,758,99,0
174,82,764,92,0
167,82,770,85,0
167,82,776,85,1
167,82,782,85,1
167,82,788,85,1
167,82,794,85,1
167,82,800,85,1
167,283,656,-116,1
167,283,662,-116,1
167,283,668,-116,1
167,283,674,-116,1
167,283,680,-116,1
167,283,686,-116,1
167,283,692,-116,1
167,283,698,-116,1
167,283,704,-116,1
167,283,710,-116,1
167,283,716,-116,1
167,283,722,-116,1
167,283,728,-116,1
167,283,734,-116,1
167,283,740,-116,1
167,283,746,-116,1
167,283,752,-116,1
167,283,758,-116,1
167,283,764,-116,1
167,283,770,-116,1
167,283,776,-116,1
167,283,782,-116,1
167,283,788,-116,1
174,283,794,-109,2
181,283,800,-102,2
188,180,506,8,2
195,180,512,15,2
202,180,518,22,2
209,180,524,29,2
216,180,530,36,2
223,180,536,43,2
230,180,542,50,2
230,180,548,50,1
230,180,554,50,1
230,180,560,50,1
230,180,566,50,1
230,180,572,50,1
230,180,578,50,1
230,180,584,50,1
237,180,590,57,2
244,180,596,64,2
251,180,602,71,2
258,180,608,78,2
265,180,614,85,2
272,180,620,92,2
279,180,626,99,2
286,180,632,106,2
286,180,638,106,1
286,180,644,106,1
286,180,650,106,1
286,180,656,106,1
286,180,662,106,1
286,180,668,106,1
286,180,674,106,1
286,180,680,106,1
286,180,686,106,1
286,180,692,106,1
286,180,698,106,1
286,180,704,106,1
286,180,710,106,1
286,180,716,106,1
286,180,722,106,1
286,180,728,106,1
286,180,734,106,1
286,180,740,106,1
286,180,746,106,1
286,180,752,106,1
286,180,758,106,1
286,180,764,106,1
286,180,770,106,1
286,180,776,106,1
286,180,782,106,1
286,180,788,106,1
286,180,794,106,1
286,180,800,106,1
286,99,656,187,1
286,99,662,187,1
286,99,668,187,1
293,99,674,194,2
300,99,680,201,2
307,99,686,208,2
314,99,692,215,2
321,99,698,222,2
328,99,704,229,2
328,99,710,229,1
328,99,716,229,1
328,99,722,229,1
328,99,728,229,1
328,99,734,229,1
328,99,740,229,1
328,99,746,229,1
328,99,752,229,1
335,99,758,236,2
342,549,614,-207,2
349,549,620,-200,2
356,549,626,-193,2
363,549,632,-186,2
370,549,638,-179,2
377,549,644,-172,2
384,549,650,-165,2
391,549,656,-158,2
391,549,662,-158,1
391,549,668,-158,1
391,549,674,-158,1
391,549,680,-158,1
391,549,686,-158,1
391,549,692,-158,1
391,549,698,-158,1
391,549,704,-158,1
391,549,710,-158,1
391,549,716,-158,1
391,549,722,-158,1
391,549,728,-158,1
391,549,734,-158,1
391,549,740,-158,1
391,549,746,-158,1
391,549,752,-158,1
391,549,758,-158,1
391,549,764,-158,1
391,549,770,-158,1
391,270,626,121,1
391,270,632,121,1
391,270,638,121,1
391,270,644,121,1
391,270,650,121,1
391,270,656,121,1
391,270,662,121,1
391,270,668,121,1
391,270,674,121,1
391,270,680,121,1
391,270,686,121,1
391,270,692,121,1
391,270,698,121,1
391,270,704,121,1
391,270,710,121,1
391,270,716,121,1
391,270,722,121,1
391,270,728,121,1
391,270,734,121,1
391,270,740,121,1
391,270,746,121,1
391,270,752,121,1
391,270,758,121,1
391,270,764,121,1
391,270,770,121,1
391,270,776,121,1
391,270,782,121,1
391,270,788,121,1
391,270,794,121,1
391,270,800,121,1
391,543,656,-152,1
391,543,662,-152,1
391,543,668,-152,1
391,543,674,-152,1
391,543,680,-152,1
391,543,686,-152,1
391,543,692,-152,1
391,543,698,-152,1
391,543,704,-152,1
391,543,710,-152,1
391,543,716,-152,1
391,543,722,-152,1
391,543,728,-152,1
391,543,734,-152,1
391,543,740,-152,1
391,543,746,-152,1
391,543,752,-152,1
391,543,758,-152,1
391,543,764,-152,1
391,543,770,-152,1
391,543,776,-152,1
391,543,782,-152,1
391,543,788,-152,1
391,543,794,-152,1
391,543,800,-152,1
391,157,656,234,1
391,157,662,234,1
391,157,668,234,1
391,157,674,234,1
391,157,680,234,1
391,157,686,234,1
391,157,692,234,1
391,157,698,234,1
391,157,704,234,1
391,157,710,234,1
391,157,716,234,1
391,157,722,234,1
391,157,728,234,1
391,157,734,234,1
391,157,740,234,1
391,157,746,234,1
391,198,602,193,1
391,198,608,193,1
391,198,614,193,1
391,198,620,193,1
391,198,626,193,1
391,198,632,193,1
391,198,638,193,1
391,198,644,193,1
391,198,650,193,1
391,198,656,193,1
391,198,662,193,1
391,198,668,193,1
391,198,674,193,1
391,198,680,193,1
384,198,686,186,0
377,198,692,179,0
370,198,698,172,0
363,198,704,165,0
356,198,710,158,0
349,198,716,151,0
342,198,722,144,0
335,198,728,137,0
328,198,734,130,0
328,198,740,130,1
328,198,746,130,1
328,198,752,130,1
328,198,758,130,1
328,198,764,130,1
328,198,770,130,1
328,198,776,130,1
328,198,782,130,1
328,198,788,130,1
328,198,794,130,1
328,198,800,130,1
328,365,506,-37,1
328,365,512,-37,1
328,365,518,-37,1
328,365,524,-37,1
328,365,530,-37,1
328,365,536,-37,1
321,365,542,-44,0
314,365,548,-51,0
307,365,554,-58,0
300,365,560,-65,0
293,365,566,-72,0
286,365,572,-79,0
279,365,578,-86,0
272,365,584,-93,0
265,365,590,-100,0
258,365,596,-107,0
251,365,602,-114,0
244,365,608,-121,0
237,365,614,-128,0
230,365,620,-135,0
230,365,626,-135,1
230,365,632,-135,1
230,365,638,-135,1
230,365,644,-135,1
230,365,650,-135,1
230,365,656,-135,1
230,365,662,-135,1
230,365,668,-135,1
230,365,674,-135,1
230,365,680,-135,1
230,365,686,-135,1
230,365,692,-135,1
230,365,698,-135,1
230,365,704,-135,1
230,365,710,-135,1
230,365,716,-135,1
230,365,722,-135,1
230,365,728,-135,1
230,365,734,-135,1
230,365,740,-135,1
230,365,746,-135,1
230,365,752,-135,1
230,365,758,-135,1
230,365,764,-135,1
230,365,770,-135,1
230,365,776,-135,1
230,365,782,-135,1
230,365,788,-135,1
230,365,794,-135,1
230,365,800,-135,1
230,411,506,-181,1
230,411,512,-181,1
230,411,518,-181,1
230,411,524,-181,1
230,411,530,-181,1
230,411,536,-181,1
230,411,542,-181,1
230,411,548,-181,1
230,411,554,-181,1
230,411,560,-181,1
230,411,566,-181,1
230,411,572,-181,1
230,411,578,-181,1
230,411,584,-181,1
230,411,590,-181,1
230,411,596,-181,1
230,411,602,-181,1
230,411,608,-181,1
230,411,614,-181,1
230,411,620,-181,1
230,411,626,-181,1
230,411,632,-181,1
230,411,638,-181,1
230,411,644,-181,1
230,411,650,-181,1
230,411,656,-181,1
230,411,662,-181,1
230,411,668,-181,1
230,411,674,-181,1
230,411,680,-181,1
230,411,686,-181,1
230,411,692,-181,1
230,411,698,-181,1
230,411,704,-181,1
230,411,710,-181,1
230,411,716,-181,1
230,411,722,-181,1
230,411,728,-181,1
230,128,584,102,1
230,128,590,102,1
230,128,596,102,1
230,128,602,102,1
230,128,608,102,1
230,128,614,102,1
230,128,620,102,1
230,128,626,102,1
230,128,632,102,1
230,128,638,102,1
230,128,644,102,1
230,128,650,102,1
230,128,656,102,1
230,128,662,102,1
230,128,668,102,1
230,128,674,102,1
230,128,680,102,1
230,128,686,102,1
230,128,692,102,1
230,128,698,102,1
230,128,704,102,1
230,128,710,102,1
230,128,716,102,1
230,128,722,102,1
230,128,728,102,1
230,128,734,102,1
230,128,740,102,1
230,128,746,102,1
230,128,752,102,1
230,128,758,102,1
230,128,764,102,1
230,128,770,102,1
230,128,776,102,1
230,128,782,102,1
230,128,788,102,1
230,128,794,102,1
230,128,800,102,1
230,334,506,-104,1
230,334,512,-104,1
230,334,518,-104,1
223,334,524,-111,0
216,334,530,-118,0
209,334,536,-125,0
202,334,542,-132,0
195,334,548,-139,0
188,334,554,-146,0
181,334,560,-153,0
174,334,566,-160,0
167,334,572,-167,0
167,334,578,-167,1
167,334,584,-167,1
167,334,590,-167,1
167,334,596,-167,1
167,334,602,-167,1
167,334,608,-167,1
167,334,614,-167,1
167,334,620,-167,1
167,334,626,-167,1
167,334,632,-167,1
167,334,638,-167,1
167,334,644,-167,1
167,334,650,-167,1
167,334,656,-167,1
167,334,662,-167,1
167,334,668,-167,1
167,334,674,-167,1
167,334,680,-167,1
167,334,686,-167,1
167,334,692,-167,1
167,334,698,-167,1
167,334,704,-167,1
167,334,710,-167,1
167,334,716,-167,1
167,334,722,-167,1
167,334,728,-167,1
167,334,734,-167,1
167,334,740,-167,1
167,334,746,-167,1
174,334,752,-160,2
181,334,758,-153,2
188,334,764,-146,2
195,334,770,-139,2
202,334,776,-132,2
209,334,782,-125,2
216,334,788,-118,2
223,334,794,-111,2
223,334,800,-111,1
223,62,656,161,1
223,62,662,161,1
223,62,668,161,1
223,62,674,161,1
223,62,680,161,1
223,62,686,161,1
223,62,692,161,1
223,62,698,161,1
223,62,704,161,1
223,62,710,161,1
223,62,716,161,1
223,62,722,161,1
223,62,728,161,1
223,62,734,161,1
223,62,740,161,1
230,62,746,168,2
237,62,752,175,2
244,62,758,182,2
251,62,764,189,2
258,62,770,196,2
258,62,776,196,1
258,62,782,196,1
258,62,788,196,1
258,62,794,196,1
258,62,800,196,1
258,534,656,-276,1
258,534,662,-276,1
258,534,668,-276,1
258,534,674,-276,1
258,534,680,-276,1
258,534,686,-276,1
258,534,692,-276,1
258,534,698,-276,1
258,534,704,-276,1
258,534,710,-276,1
258,534,716,-276,1
258,534,722,-276,1
258,534,728,-276,1
258,534,734,-276,1
258,534,740,-276,1
258,534,746,-276,1
258,534,752,-276,1
258,534,758,-276,1
258,534,764,-276,1
258,534,770,-276,1
258,0,626,258,1
251,0,632,251,0
244,0,638,244,0
237,0,644,237,0
230,0,650,230,0
223,0,656,223,0
216,0,662,216,0
209,0,668,209,0
202,0,674,202,0
195,0,680,195,0
195,0,686,195,1
195,0,692,195,1
195,0,698,195,1
195,0,704,195,1
195,0,710,195,1
195,0,716,195,1
195,0,722,195,1
195,0,728,195,1
195,0,734,195,1
195,0,740,195,1
195,0,746,195,1
195,0,752,195,1
195,0,758,195,1
195,0,764,195,1
195,0,770,195,1
195,0,776,195,1
195,0,782,195,1
195,0,788,195,1
195,0,794,195,1
195,0,800,195,1
195,419,656,-224,1
195,419,662,-224,1
195,419,668,-224,1
195,419,674,-224,1
195,304,530,-109,1
188,304,536,-116,0
181,304,542,-123,0
174,304,548,-130,0
167,304,554,-137,0
160,304,560,-144,0
153,304,566,-151,0
146,304,572,-158,0
139,304,578,-165,0
132,304,584,-172,0
125,304,590,-179,0
125,304,596,-179,1
125,304,602,-179,1
125,304,608,-179,1
125,304,614,-179,1
125,304,620,-179,1
125,304,626,-179,1
125,304,632,-179,1
125,304,638,-179,1
125,304,644,-179,1
125,304,650,-179,1
125,304,656,-179,1
125,304,662,-179,1
125,304,668,-179,1
125,304,674,-179,1
125,304,680,-179,1
125,304,686,-179,1
125,304,692,-179,1
125,304,698,-179,1
125,304,704,-179,1
125,304,710,-179,1
125,304,716,-179,1
125,304,722,-179,1
125,304,728,-179,1
125,304,734,-179,1
125,304,740,-179,1
125,304,746,-179,1
125,304,752,-179,1
125,304,758,-179,1
125,304,764,-179,1
125,304,770,-179,1
125,304,776,-179,1
125,304,782,-179,1
132,304,788,-172,2
139,304,794,-165,2
146,304,800,-158,2
153,128,506,25,2
160,128,512,32,2
167,128,518,39,2
174,128,524,46,2
181,128,530,53,2
188,128,536,60,2
188,128,542,60,1
188,128,548,60,1
188,128,554,60,1
188,128,560,60,1
188,128,566,60,1
188,128,572,60,1
188,128,578,60,1
188,128,584,60,1
188,128,590,60,1
195,128,596,67,2
202,128,602,74,2
209,128,608,81,2
216,128,614,88,2
223,128,620,95,2
230,128,626,102,2
237,128,632,109,2
244,128,638,116,2
251,128,644,123,2
258,128,650,130,2
265,128,656,137,2
265,128,662,137,1
265,128,668,137,1
265,128,674,137,1
265,128,680,137,1
265,128,686,137,1
265,128,692,137,1
265,128,698,137,1
265,128,704,137,1
265,128,710,137,1
265,128,716,137,1
265,128,722,137,1
265,128,728,137,1
265,128,734,137,1
265,128,740,137,1
265,128,746,137,1
265,128,752,137,1
265,128,758,137,1
265,128,764,137,1
265,128,770,137,1
265,128,776,137,1
265,128,782,137,1
265,128,788,137,1
265,128,794,137,1
265,128,800,137,1
265,320,506,-55,1
265,320,512,-55,1
258,320,518,-62,0
251,320,524,-69,0
244,320,530,-76,0
237,320,536,-83,0
230,320,542,-90,0
223,320,548,-97,0
216,320,554,-104,0
209,320,560,-111,0
202,320,566,-118,0
195,320,572,-125,0
188,320,578,-132,0
181,320,584,-139,0
181,320,590,-139,1
181,320,596,-139,1
181,320,602,-139,1
181,320,608,-139,1
181,320,614,-139,1
181,320,620,-139,1
181,320,626,-139,1
181,320,632,-139,1
181,320,638,-139,1
181,320,644,-139,1
181,320,650,-139,1
181,320,656,-139,1
181,320,662,-139,1
181,320,668,-139,1
181,320,674,-139,1
181,320,680,-139,1
181,320,686,-139,1
181,320,692,-139,1
181,320,698,-139,1
181,320,704,-139,1
181,320,710,-139,1
181,320,716,-139,1
181,320,722,-139,1
181,320,728,-139,1
174,320,734,-146,0
167,320,740,-153,0
160,320,746,-160,0
153,320,752,-167,0
146,320,758,-174,0
139,320,764,-181,0
132,320,770,-188,0
125,320,776,-195,0
125,320,782,-195,1
125,320,788,-195,1
125,320,794,-195,1
125,320,800,-195,1
125,423,656,-298,1
125,423,662,-298,1
125,423,668,-298,1
125,423,674,-298,1
125,423,680,-298,1
125,423,686,-298,1
125,423,692,-298,1
125,423,698,-298,1
125,423,704,-298,1
125,423,710,-298,1
125,423,716,-298,1
125,423,722,-298,1
125,423,728,-298,1
125,423,734,-298,1
125,423,740,-298,1
125,423,746,-298,1
125,423,752,-298,1
125,423,758,-298,1
125,423,764,-298,1
125,423,770,-298,1
125,423,776,-298,1
125,411,632,-286,1
125,411,638,-286,1
132,411,644,-279,2
139,411,650,-272,2
146,411,656,-265,2
153,411,662,-258,2
160,411,668,-251,2
167,411,674,-244,2
174,411,680,-237,2
174,411,686,-237,1
174,411,692,-237,1
174,411,698,-237,1
174,411,704,-237,1
174,411,710,-237,1
174,411,716,-237,1
174,411,722,-237,1
174,411,728,-237,1
174,411,734,-237,1
174,411,740,-237,1
174,411,746,-237,1
174,411,752,-237,1
174,411,758,-237,1
174,381,614,-207,1
174,381,620,-207,1
174,381,626,-207,1
174,381,632,-207,1
174,381,638,-207,1
181,381,644,-200,2
188,381,650,-193,2
195,381,656,-186,2
202,381,662,-179,2
209,381,668,-172,2
216,381,674,-165,2
216,381,680,-165,1
216,381,686,-165,1
216,381,692,-165,1
216,381,698,-165,1
216,381,704,-165,1
216,381,710,-165,1
216,381,716,-165,1
216,381,722,-165,1
216,381,728,-165,1
216,381,734,-165,1
216,381,740,-165,1
216,381,746,-165,1
216,381,752,-165,1
216,381,758,-165,1
216,381,764,-165,1
216,91,620,125,1
216,91,626,125,1
216,91,632,125,1
216,91,638,125,1
216,91,644,125,1
216,91,650,125,1
216,91,656,125,1
216,91,662,125,1
216,91,668,125,1
216,91,674,125,1
216,91,680,125,1
216,91,686,125,1
216,91,692,125,1
216,91,698,125,1
216,91,704,125,1
216,91,710,125,1
216,91,716,125,1
223,91,722,132,2
230,91,728,139,2
237,91,734,146,2
244,91,740,153,2
251,91,746,160,2
258,91,752,167,2
258,91,758,167,1
258,91,764,167,1
258,91,770,167,1
258,91,776,167,1
258,400,632,-142,1
258,400,638,-142,1
258,400,644,-142,1
258,400,650,-142,1
258,400,656,-142,1
258,400,662,-142,1
258,400,668,-142,1
258,400,674,-142,1
258,400,680,-142,1
258,400,686,-142,1
258,400,692,-142,1
258,400,698,-142,1
258,400,704,-142,1
258,400,710,-142,1
258,400,716,-142,1
258,400,722,-142,1
258,400,728,-142,1
258,400,734,-142,1
258,400,740,-142,1
258,400,746,-142,1
258,400,752,-142,1
265,400,758,-135,2
272,400,764,-128,2
279,400,770,-121,2
286,400,776,-114,2
293,400,782,-107,2
300,400,788,-100,2
307,400,794,-93,2
314,400,800,-86,2
321,99,656,222,2
328,246,512,82,2
335,246,518,89,2
342,246,524,96,2
342,246,530,96,1
342,246,536,96,1
342,246,542,96,1
342,246,548,96,1
342,246,554,96,1
342,246,560,96,1
342,246,566,96,1
342,246,572,96,1
349,246,578,103,2
356,246,584,110,2
363,246,590,117,2
370,246,596,124,2
377,246,602,131,2
384,246,608,138,2
391,246,614,145,2
398,246,620,152,2
405,246,626,159,2
412,246,632,166,2
419,246,638,173,2
426,246,644,180,2
426,246,650,180,1
426,246,656,180,1
426,246,662,180,1
426,246,668,180,1
426,246,674,180,1
426,246,680,180,1
426,246,686,180,1
426,246,692,180,1
426,246,698,180,1
426,246,704,180,1
426,246,710,180,1
426,246,716,180,1
426,246,722,180,1
426,246,728,180,1
426,246,734,180,1
426,246,740,180,1
426,246,746,180,1
426,246,752,180,1
426,246,758,180,1
426,246,764,180,1
426,246,770,180,1
426,246,776,180,1
426,246,782,180,1
426,246,788,180,1
426,246,794,180,1
426,246,800,180,1
426,305,506,121,1
426,305,512,121,1
426,305,518,121,1
426,305,524,121,1
426,305,530,121,1
426,305,536,121,1
426,305,542,121,1
426,305,548,121,1
426,305,554,121,1
426,305,560,121,1
426,305,566,121,1
426,305,572,121,1
426,305,578,121,1
426,305,584,121,1
426,305,590,121,1
426,305,596,121,1
426,305,602,121,1
426,305,608,121,1
426,305,614,121,1
426,305,620,121,1
426,305,626,121,1
426,305,632,121,1
426,305,638,121,1
426,305,644,121,1
426,305,650,121,1
426,305,656,121,1
426,305,662,121,1
426,305,668,121,1
426,305,674,121,1
426,305,680,121,1
426,305,686,121,1
426,305,692,121,1
426,305,698,121,1
426,305,704,121,1
426,305,710,121,1
426,305,716,121,1
426,305,722,121,1
426,305,728,121,1
426,305,734,121,1
426,305,740,121,1
426,305,746,121,1
419,305,752,114,0
412,305,758,107,0
405,305,764,100,0
398,305,770,93,0
391,305,776,86,0
384,305,782,79,0
377,305,788,72,0
370,305,794,65,0
363,305,800,58,0
356,466,656,-110,0
349,466,662,-117,0
342,466,668,-124,0
342,466,674,-124,1
342,466,680,-124,1
342,466,686,-124,1
342,466,692,-124,1
342,466,698,-124,1
342,466,704,-124,1
342,466,710,-124,1
342,466,716,-124,1
342,466,722,-124,1
342,466,728,-124,1
342,466,734,-124,1
342,466,740,-124,1
342,466,746,-124,1
342,466,752,-124,1
342,466,758,-124,1
342,466,764,-124,1
342,466,770,-124,1
342,466,776,-124,1
342,466,782,-124,1
342,466,788,-124,1
342,466,794,-124,1
342,466,800,-124,1
342,502,656,-160,1
342,502,662,-160,1
342,502,668,-160,1
342,502,674,-160,1
342,502,680,-160,1
342,502,686,-160,1
342,502,692,-160,1
342,502,698,-160,1
342,502,704,-160,1
342,502,710,-160,1
342,502,716,-160,1
342,502,722,-160,1
342,502,728,-160,1
342,502,734,-160,1
342,502,740,-160,1
342,502,746,-160,1
342,246,602,96,1
342,246,608,96,1
342,246,614,96,1
342,246,620,96,1
342,246,626,96,1
342,246,632,96,1
342,246,638,96,1
342,246,644,96,1
342,246,650,96,1
342,246,656,96,1
342,246,662,96,1
342,246,668,96,1
342,246,674,96,1
342,246,680,96,1
342,246,686,96,1
342,246,692,96,1
342,246,698,96,1
342,246,704,96,1
342,246,710,96,1
342,246,716,96,1
342,246,722,96,1
342,246,728,96,1
342,246,734,96,1
342,246,740,96,1
342,246,746,96,1
342,246,752,96,1
342,246,758,96,1
342,246,764,96,1
342,246,770,96,1
335,246,776,89,0
328,246,782,82,0
321,246,788,75,0
314,246,794,68,0
307,246,800,61,0
300,495,656,-195,0
293,495,662,-202,0
286,495,668,-209,0
279,345,524,-66,0
272,345,530,-73,0
265,345,536,-80,0
258,345,542,-87,0
251,345,548,-94,0
244,345,554,-101,0
244,345,560,-101,1
244,345,566,-101,1
244,345,572,-101,1
244,345,578,-101,1
244,345,584,-101,1
244,345,590,-101,1
244,345,596,-101,1
244,345,602,-101,1
244,345,608,-101,1
244,345,614,-101,1
244,345,620,-101,1
244,345,626,-101,1
237,345,632,-108,0
230,345,638,-115,0
223,345,644,-122,0
216,345,650,-129,0
209,345,656,-136,0
202,345,662,-143,0
202,345,668,-143,1
202,345,674,-143,1
202,345,680,-143,1
202,345,686,-143,1
202,345,692,-143,1
202,345,698,-143,1
202,345,704,-143,1
202,345,710,-143,1
202,345,716,-143,1
202,345,722,-143,1
202,345,728,-143,1
202,345,734,-143,1
202,201,590,1,1
209,201,596,8,2
216,201,602,15,2
223,201,608,22,2
230,201,614,29,2
237,345,770,-108,2
244,345,776,-101,2
251,345,782,-94,2
258,345,788,-87,2
265,345,794,-80,2
272,345,800,-73,2
279,201,656,78,2
286,201,662,85,2
293,201,668,92,2
300,201,674,99,2
307,201,680,106,2
314,201,686,113,2
321,201,692,120,2
328,201,698,127,2
335,201,704,134,2
342,201,710,141,2
349,201,716,148,2
356,201,722,155,2
363,201,728,162,2
370,201,734,169,2
377,201,740,176,2
384,201,746,183,2
391,201,752,190,2
398,201,758,197,2
405,201,764,204,2
405,201,770,204,1
405,201,776,204,1
405,201,782,204,1
405,201,788,204,1
405,201,794,204,1
405,201,800,204,1
405,348,506,57,1
405,348,512,57,1
405,348,518,57,1
405,348,524,57,1
412,348,530,64,2
419,348,536,71,2
426,348,542,78,2
433,348,548,85,2
440,348,554,92,2
447,348,560,99,2
454,348,566,106,2
461,348,572,113,2
468,348,578,120,2
475,348,584,127,2
475,348,590,127,1
475,348,596,127,1
475,348,602,127,1
475,348,608,127,1
475,348,614,127,1
475,348,620,127,1
475,348,626,127,1
475,348,632,127,1
475,348,638,127,1
475,348,644,127,1
475,348,650,127,1
475,348,656,127,1
475,348,662,127,1
475,348,668,127,1
475,348,674,127,1
475,348,680,127,1
475,348,686,127,1
475,348,692,127,1
475,348,698,127,1
475,348,704,127,1
475,348,710,127,1
475,348,716,127,1
475,348,722,127,1
475,348,728,127,1
475,348,734,127,1
475,348,740,127,1
475,348,746,127,1
475,348,752,127,1
475,348,758,127,1
475,348,764,127,1
475,348,770,127,1
475,348,776,127,1
475,348,782,127,1
475,348,788,127,1
475,348,794,127,1
475,348,800,127,1
475,300,506,175,1
475,300,512,175,1
475,300,518,175,1
475,300,524,175,1
475,300,530,175,1
475,300,536,175,1
475,300,542,175,1
475,300,548,175,1
475,300,554,175,1
475,300,560,175,1
475,300,566,175,1
475,300,572,175,1
475,300,578,175,1
475,300,584,175,1
475,300,590,175,1
475,300,596,175,1
475,300,602,175,1
475,300,608,175,1
475,300,614,175,1
475,300,620,175,1
475,300,626,175,1
475,300,632,175,1
475,300,638,175,1
475,300,644,175,1
475,300,650,175,1
475,300,656,175,1
468,300,662,168,0
461,300,668,161,0
454,300,674,154,0
447,300,680,147,0
440,300,686,140,0
433,300,692,133,0
433,300,698,133,1
433,300,704,133,1
433,300,710,133,1
433,300,716,133,1
433,300,722,133,1
433,300,728,133,1
433,300,734,133,1
433,300,740,133,1
433,300,746,133,1
433,300,752,133,1
433,300,758,133,1
433,300,764,133,1
433,300,770,133,1
433,300,776,133,1
433,300,782,133,1
433,300,788,133,1
433,300,794,133,1
433,300,800,133,1
433,246,656,187,1
433,246,662,187,1
433,246,668,187,1
433,246,674,187,1
433,246,680,187,1
433,246,686,187,1
433,246,692,187,1
433,246,698,187,1
433,246,704,187,1
433,246,710,187,1
433,246,716,187,1
433,246,722,187,1
433,246,728,187,1
433,246,734,187,1
433,246,740,187,1
433,246,746,187,1
433,246,752,187,1
433,246,758,187,1
433,246,764,187,1
433,246,770,187,1
433,246,776,187,1
433,246,782,187,1
433,246,788,187,1
433,246,794,187,1
433,246,800,187,1
433,530,506,-97,1
433,530,512,-97,1
433,530,518,-97,1
433,530,524,-97,1
433,530,530,-97,1
426,530,536,-104,0
419,530,542,-111,0
412,530,548,-118,0
405,530,554,-125,0
398,530,560,-132,0
391,177,716,214,0
384,177,722,207,0
377,177,728,200,0
370,177,734,193,0
363,177,740,186,0
356,177,746,179,0
349,177,752,172,0
349,177,758,172,1
349,177,764,172,1
349,177,770,172,1
349,177,776,172,1
349,177,782,172,1
349,177,788,172,1
349,177,794,172,1
349,177,800,172,1
342,530,656,-188,0
335,530,662,-195,0
328,530,668,-202,0
321,293,524,28,0
314,293,530,21,0
307,293,536,14,0
300,293,542,7,0
293,293,548,0,0
286,293,554,-7,0
279,293,560,-14,0
272,293,566,-21,0
265,293,572,-28,0
258,293,578,-35,0
251,293,584,-42,0
244,293,590,-49,0
237,293,596,-56,0
230,293,602,-63,0
223,293,608,-70,0
216,293,614,-77,0
209,293,620,-84,0
202,293,626,-91,0
195,293,632,-98,0
188,293,638,-105,0
181,293,644,-112,0
174,293,650,-119,0
167,293,656,-126,0
160,293,662,-133,0
153,293,668,-140,0
146,293,674,-147,0
139,293,680,-154,0
132,293,686,-161,0
125,293,692,-168,0
118,293,698,-175,0
118,293,704,-175,1
118,293,710,-175,1
118,293,716,-175,1
118,293,722,-175,1
118,293,728,-175,1
118,205,584,-87,1
118,205,590,-87,1
118,205,596,-87,1
111,205,602,-94,0
104,205,608,-101,0
97,205,614,-108,0
90,205,620,-115,0
83,205,626,-122,0
76,205,632,-129,0
76,205,638,-129,1
76,205,644,-129,1
76,205,650,-129,1
76,205,656,-129,1
76,205,662,-129,1
76,205,668,-129,1
76,205,674,-129,1
76,205,680,-129,1
76,205,686,-129,1
76,205,692,-129,1
76,205,698,-129,1
76,205,704,-129,1
76,205,710,-129,1
76,205,716,-129,1
76,205,722,-129,1
76,205,728,-129,1
76,205,734,-129,1
76,205,740,-129,1
76,205,746,-129,1
76,205,752,-129,1
76,41,608,35,1
83,41,614,42,2
90,41,620,49,2
97,205,776,-108,2
104,205,782,-101,2
111,205,788,-94,2
118,205,794,-87,2
125,205,800,-80,2
132,41,656,91,2
139,41,662,98,2
146,41,668,105,2
153,41,674,112,2
160,41,680,119,2
167,41,686,126,2
174,41,692,133,2
181,41,698,140,2
188,41,704,147,2
195,41,710,154,2
202,41,716,161,2
209,41,722,168,2
216,41,728,175,2
223,41,734,182,2
230,41,740,189,2
237,41,746,196,2
244,93,602,151,2
251,93,608,158,2
258,93,614,165,2
265,93,620,172,2
272,93,626,179,2
279,93,632,186,2
286,93,638,193,2
293,93,644,200,2
300,93,650,207,2
307,93,656,214,2
314,93,662,221,2
321,93,668,228,2
321,93,674,228,1
321,93,680,228,1
321,93,686,228,1
321,93,692,228,1
321,93,698,228,1
321,93,704,228,1
321,93,710,228,1
321,93,716,228,1
321,93,722,228,1
321,93,728,228,1
321,93,734,228,1
321,93,740,228,1
321,93,746,228,1
321,93,752,228,1
321,93,758,228,1
321,126,614,195,1
321,126,620,195,1
321,126,626,195,1
321,126,632,195,1
321,126,638,195,1
321,126,644,195,1
321,126,650,195,1
321,126,656,195,1
321,126,662,195,1
321,126,668,195,1
321,126,674,195,1
321,126,680,195,1
321,126,686,195,1
321,126,692,195,1
321,126,698,195,1
321,126,704,195,1
321,126,710,195,1
321,126,716,195,1
321,126,722,195,1
321,126,728,195,1
321,126,734,195,1
321,126,740,195,1
314,126,746,188,0
307,126,752,181,0
300,126,758,174,0
293,126,764,167,0
286,126,770,160,0
279,126,776,153,0
279,126,782,153,1
279,126,788,153,1
279,126,794,153,1
279,126,800,153,1
279,463,656,-184,1
279,463,662,-184,1
279,463,668,-184,1
279,463,674,-184,1
279,463,680,-184,1
279,463,686,-184,1
279,463,692,-184,1
279,463,698,-184,1
279,463,704,-184,1
279,463,710,-184,1
279,463,716,-184,1
279,463,722,-184,1
279,463,728,-184,1
279,463,734,-184,1
279,463,740,-184,1
279,463,746,-184,1
279,463,752,-184,1
272,463,758,-191,0
265,463,764,-198,0
258,463,770,-205,0
251,463,776,-212,0
244,463,782,-219,0
237,463,788,-226,0
230,463,794,-233,0
223,463,800,-240,0
216,515,656,-299,0
209,515,662,-306,0
202,515,668,-313,0
195,515,674,-320,0
188,515,680,-327,0
181,515,686,-334,0
181,515,692,-334,1
181,515,698,-334,1
181,515,704,-334,1
181,515,710,-334,1
181,293,416,-112,1
181,293,422,-112,1
181,293,428,-112,1
181,293,434,-112,1
181,293,440,-112,1
181,293,446,-112,1
181,293,452,-112,1
181,293,458,-112,1
181,293,464,-112,1
181,293,470,-112,1
181,293,476,-112,1
181,293,482,-112,1
181,293,488,-112,1
181,293,494,-112,1
181,293,500,-112,1
181,293,506,-112,1
181,293,512,-112,1
181,293,518,-112,1
181,293,524,-112,1
181,293,530,-112,1
181,293,536,-112,1
181,293,542,-112,1
181,293,548,-112,1
181,293,554,-112,1
181,293,560,-112,1
181,293,566,-112,1
181,293,572,-112,1
181,293,578,-112,1
181,293,584,-112,1
181,293,590,-112,1
181,293,596,-112,1
181,293,602,-112,1
181,293,608,-112,1
181,293,614,-112,1
181,293,620,-112,1
181,293,626,-112,1
181,293,632,-112,1
181,293,638,-112,1
181,293,644,-112,1
181,293,650,-112,1
181,293,656,-112,1
181,293,662,-112,1
181,293,668,-112,1
181,293,674,-112,1
181,293,680,-112,1
181,293,686,-112,1
181,293,692,-112,1
181,293,698,-112,1
181,293,704,-112,1
181,293,710,-112,1
181,293,716,-112,1
181,293,722,-112,1
181,293,728,-112,1
181,293,734,-112,1
181,293,740,-112,1
181,293,746,-112,1
181,293,752,-112,1
181,293,758,-112,1
181,293,764,-112,1
181,293,770,-112,1
181,293,776,-112,1
181,293,782,-112,1
181,293,788,-112,1
181,293,794,-112,1
181,293,800,-112,1
181,75,656,106,1
181,75,662,106,1
181,75,668,106,1
181,75,674,106,1
181,75,680,106,1
181,75,686,106,1
181,75,692,106,1
181,75,698,106,1
181,75,704,106,1
181,75,710,106,1
181,75,716,106,1
181,75,722,106,1
181,75,728,106,1
181,75,734,106,1
181,75,740,106,1
181,75,746,106,1
181,75,752,106,1
181,75,758,106,1
181,75,764,106,1
181,75,770,106,1
181,75,776,106,1
181,75,782,106,1
181,75,788,106,1
181,75,794,106,1
181,75,800,106,1
181,484,656,-303,1
181,484,662,-303,1
181,484,668,-303,1
181,484,674,-303,1
181,484,680,-303,1
181,484,686,-303,1
181,484,692,-303,1
181,484,698,-303,1
181,484,704,-303,1
181,484,710,-303,1
181,484,716,-303,1
181,484,722,-303,1
181,484,728,-303,1
181,484,734,-303,1
181,448,590,-267,1
181,448,596,-267,1
181,448,602,-267,1
181,448,608,-267,1
181,448,614,-267,1
181,448,620,-267,1
181,448,626,-267,1
181,448,632,-267,1
181,448,638,-267,1
181,448,644,-267,1
181,29,500,152,1
181,29,506,152,1
181,29,512,152,1
181,29,518,152,1
181,29,524,152,1
181,29,530,152,1
181,29,536,152,1
181,29,542,152,1
181,29,548,152,1
181,29,554,152,1
181,29,560,152,1
181,29,566,152,1
181,29,572,152,1
188,29,578,159,2
195,29,584,166,2
202,29,590,173,2
209,29,596,180,2
216,29,602,187,2
223,448,758,-225,2
230,448,764,-218,2
237,448,770,-211,2
237,448,776,-211,1
237,448,782,-211,1
237,448,788,-211,1
237,448,794,-211,1
237,448,800,-211,1
237,29,656,208,1
237,29,662,208,1
237,29,668,208,1
237,29,674,208,1
237,29,680,208,1
237,29,686,208,1
237,29,692,208,1
237,29,698,208,1
237,126,554,111,1
237,126,560,111,1
237,126,566,111,1
237,126,572,111,1
237,126,578,111,1
237,126,584,111,1
237,126,590,111,1
237,126,596,111,1
237,126,602,111,1
237,126,608,111,1
237,126,614,111,1
237,126,620,111,1
237,126,626,111,1
237,126,632,111,1
237,126,638,111,1
237,126,644,111,1
237,126,650,111,1
237,126,656,111,1
237,126,662,111,1
237,126,668,111,1
237,126,674,111,1
237,126,680,111,1
237,126,686,111,1
237,126,692,111,1
237,126,698,111,1
237,126,704,111,1
237,126,710,111,1
237,126,716,111,1
237,126,722,111,1
237,126,728,111,1
237,126,734,111,1
237,126,740,111,1
237,126,746,111,1
237,126,752,111,1
237,126,758,111,1
237,126,764,111,1
237,126,770,111,1
237,126,776,111,1
237,126,782,111,1
237,126,788,111,1
237,126,794,111,1
237,126,800,111,1
237,424,656,-187,1
237,424,662,-187,1
237,424,668,-187,1
237,424,674,-187,1
237,424,680,-187,1
237,424,686,-187,1
237,424,692,-187,1
237,424,698,-187,1
237,424,704,-187,1
237,424,710,-187,1
237,424,716,-187,1
237,424,722,-187,1
237,424,728,-187,1
244,424,734,-180,2
251,424,740,-173,2
258,424,746,-166,2
265,424,752,-159,2
272,424,758,-152,2
279,424,764,-145,2
286,424,770,-138,2
293,424,776,-131,2
300,424,782,-124,2
307,424,788,-117,2
314,424,794,-110,2
321,424,800,-103,2
328,309,506,19,2
335,309,512,26,2
342,309,518,33,2
349,309,524,40,2
356,309,530,47,2
363,309,536,54,2
370,309,542,61,2
370,309,548,61,1
370,309,554,61,1
370,309,560,61,1
370,309,566,61,1
370,309,572,61,1
370,309,578,61,1
370,309,584,61,1
370,309,590,61,1
370,309,596,61,1
370,309,602,61,1
370,309,608,61,1
370,309,614,61,1
370,309,620,61,1
370,309,626,61,1
370,309,632,61,1
377,309,638,68,2
384,309,644,75,2
391,309,650,82,2
398,309,656,89,2
405,309,662,96,2
412,309,668,103,2
419,309,674,110,2
426,309,680,117,2
433,309,686,124,2
440,309,692,131,2
440,309,698,131,1
440,309,704,131,1
440,309,710,131,1
440,309,716,131,1
440,309,722,131,1
440,309,728,131,1
440,309,734,131,1
440,309,740,131,1
440,309,746,131,1
440,309,752,131,1
440,309,758,131,1
440,309,764,131,1
440,309,770,131,1
440,309,776,131,1
440,309,782,131,1
440,309,788,131,1
440,309,794,131,1
440,309,800,131,1
440,311,656,129,1
440,311,662,129,1
440,311,668,129,1
440,311,674,129,1
440,311,680,129,1
440,311,686,129,1
440,311,692,129,1
440,311,698,129,1
440,311,704,129,1
440,311,710,129,1
440,311,716,129,1
440,311,722,129,1
440,311,728,129,1
440,311,734,129,1
440,311,740,129,1
440,311,746,129,1
440,311,752,129,1
440,311,758,129,1
440,311,764,129,1
440,311,770,129,1
440,311,776,129,1
440,311,782,129,1
440,311,788,129,1
440,311,794,129,1
440,311,800,129,1
440,290,656,150,1
440,290,662,150,1
440,290,668,150,1
440,290,674,150,1
440,290,680,150,1
440,290,686,150,1
440,290,692,150,1
440,290,698,150,1
440,290,704,150,1
440,290,710,150,1
440,290,716,150,1
440,290,722,150,1
440,290,728,150,1
440,433,584,7,1
440,433,590,7,1
440,433,596,7,1
433,433,602,0,0
426,433,608,-7,0
419,433,614,-14,0
412,433,620,-21,0
405,433,626,-28,0
398,433,632,-35,0
391,433,638,-42,0
384,433,644,-49,0
377,433,650,-56,0
370,433,656,-63,0
363,433,662,-70,0
356,433,668,-77,0
349,433,674,-84,0
342,433,680,-91,0
335,433,686,-98,0
328,433,692,-105,0
321,433,698,-112,0
314,433,704,-119,0
307,433,710,-126,0
300,433,716,-133,0
293,433,722,-140,0
286,433,728,-147,0
279,433,734,-154,0
279,433,740,-154,1
279,433,746,-154,1
279,433,752,-154,1
279,433,758,-154,1
279,433,764,-154,1
279,433,770,-154,1
279,433,776,-154,1
279,433,782,-154,1
279,433,788,-154,1
279,433,794,-154,1
279,433,800,-154,1
279,450,656,-171,1
279,450,662,-171,1
279,450,668,-171,1
279,450,674,-171,1
279,450,680,-171,1
279,450,686,-171,1
279,450,692,-171,1
279,450,698,-171,1
279,450,704,-171,1
279,450,710,-171,1
279,450,716,-171,1
279,450,722,-171,1
279,450,728,-171,1
279,450,734,-171,1
279,450,740,-171,1
279,450,746,-171,1
279,450,752,-171,1
279,450,758,-171,1
279,450,764,-171,1
279,450,770,-171,1
279,450,776,-171,1
279,450,782,-171,1
279,450,788,-171,1
279,450,794,-171,1
279,450,800,-171,1
279,149,506,130,1
279,149,512,130,1
279,149,518,130,1
279,149,524,130,1
279,149,530,130,1
279,149,536,130,1
279,149,542,130,1
279,149,548,130,1
279,149,554,130,1
279,149,560,130,1
279,149,566,130,1
279,149,572,130,1
279,149,578,130,1
279,149,584,130,1
279,149,590,130,1
279,149,596,130,1
279,149,602,130,1
279,149,608,130,1
279,149,614,130,1
279,149,620,130,1
279,149,626,130,1
279,149,632,130,1
279,149,638,130,1
279,149,644,130,1
279,149,650,130,1
279,149,656,130,1
279,149,662,130,1
279,149,668,130,1
279,149,674,130,1
279,149,680,130,1
279,149,686,130,1
279,149,692,130,1
279,149,698,130,1
279,149,704,130,1
279,149,710,130,1
279,149,716,130,1
279,149,722,130,1
279,149,728,130,1
279,149,734,130,1
279,149,740,130,1
279,149,746,130,1
279,149,752,130,1
279,149,758,130,1
279,149,764,130,1
279,357,620,-78,1
272,149,776,123,0
265,149,782,116,0
258,149,788,109,0
251,149,794,102,0
244,149,800,95,0
237,357,656,-120,0
230,357,662,-127,0
223,357,668,-134,0
216,357,674,-141,0
209,357,680,-148,0
202,357,686,-155,0
195,357,692,-162,0
195,357,698,-162,1
195,357,704,-162,1
195,357,710,-162,1
195,357,716,-162,1
195,357,722,-162,1
195,357,728,-162,1
195,357,734,-162,1
195,357,740,-162,1
195,357,746,-162,1
195,357,752,-162,1
195,357,758,-162,1
195,357,764,-162,1
195,357,770,-162,1
195,357,776,-162,1
195,357,782,-162,1
195,357,788,-162,1
195,357,794,-162,1
195,357,800,-162,1
195,385,656,-190,1
195,385,662,-190,1
195,385,668,-190,1
195,385,674,-190,1
195,385,680,-190,1
195,385,686,-190,1
195,385,692,-190,1
195,385,698,-190,1
195,385,704,-190,1
195,385,710,-190,1
195,385,716,-190,1
195,296,572,-101,1
195,296,578,-101,1
195,296,584,-101,1
195,296,590,-101,1
195,296,596,-101,1
195,296,602,-101,1
195,296,608,-101,1
195,296,614,-101,1
195,296,620,-101,1
195,296,626,-101,1
195,296,632,-101,1
195,296,638,-101,1
195,296,644,-101,1
195,296,650,-101,1
195,296,656,-101,1
195,296,662,-101,1
195,296,668,-101,1
195,296,674,-101,1
195,296,680,-101,1
195,296,686,-101,1
195,296,692,-101,1
195,296,698,-101,1
195,296,704,-101,1
195,296,710,-101,1
195,296,716,-101,1
195,296,722,-101,1
195,296,728,-101,1
195,296,734,-101,1
195,296,740,-101,1
195,296,746,-101,1
195,296,752,-101,1
195,296,758,-101,1
195,296,764,-101,1
195,296,770,-101,1
195,296,776,-101,1
195,296,782,-101,1
195,296,788,-101,1
195,296,794,-101,1
195,296,800,-101,1
195,434,656,-239,1
195,434,662,-239,1
195,434,668,-239,1
195,434,674,-239,1
195,434,680,-239,1
195,434,686,-239,1
195,434,692,-239,1
195,434,698,-239,1
195,434,704,-239,1
195,434,710,-239,1
195,434,716,-239,1
195,434,722,-239,1
195,434,728,-239,1
195,434,734,-239,1
195,434,740,-239,1
195,434,746,-239,1
195,434,752,-239,1
195,434,758,-239,1
195,434,764,-239,1
195,434,770,-239,1
195,434,776,-239,1
195,434,782,-239,1
195,434,788,-239,1
195,434,794,-239,1
195,434,800,-239,1
195,354,506,-159,1
195,354,512,-159,1
195,354,518,-159,1
195,354,524,-159,1
195,354,530,-159,1
195,354,536,-159,1
195,354,542,-159,1
195,354,548,-159,1
195,354,554,-159,1
195,354,560,-159,1
195,354,566,-159,1
195,354,572,-159,1
195,354,578,-159,1
195,354,584,-159,1
195,354,590,-159,1
195,354,596,-159,1
195,354,602,-159,1
195,354,608,-159,1
195,354,614,-159,1
195,354,620,-159,1
195,354,626,-159,1
195,354,632,-159,1
195,354,638,-159,1
195,354,644,-159,1
195,354,650,-159,1
195,354,656,-159,1
195,354,662,-159,1
195,354,668,-159,1
195,354,674,-159,1
195,354,680,-159,1
195,354,686,-159,1
195,354,692,-159,1
195,354,698,-159,1
195,354,704,-159,1
195,354,710,-159,1
195,354,716,-159,1
195,354,722,-159,1
195,354,728,-159,1
195,354,734,-159,1
195,354,740,-159,1
195,354,746,-159,1
195,100,602,95,1
195,100,608,95,1
195,100,614,95,1
202,100,620,102,2
209,100,626,109,2
216,354,782,-138,2
223,354,788,-131,2
230,354,794,-124,2
237,354,800,-117,2
244,100,656,144,2
251,100,662,151,2
258,100,668,158,2
265,100,674,165,2
265,100,680,165,1
265,100,686,165,1
265,100,692,165,1
265,100,698,165,1
265,100,704,165,1
265,100,710,165,1
265,100,716,165,1
265,100,722,165,1
265,100,728,165,1
265,100,734,165,1
265,100,740,165,1
272,100,746,172,2
279,157,602,122,2
286,157,608,129,2
293,157,614,136,2
300,157,620,143,2
307,157,626,150,2
314,157,632,157,2
321,157,638,164,2
328,157,644,171,2
335,157,650,178,2
342,157,656,185,2
342,157,662,185,1
342,157,668,185,1
342,157,674,185,1
342,157,680,185,1
342,157,686,185,1
342,157,692,185,1
342,157,698,185,1
342,157,704,185,1
342,157,710,185,1
342,157,716,185,1
342,157,722,185,1
342,157,728,185,1
342,157,734,185,1
342,221,590,121,1
342,221,596,121,1
342,221,602,121,1
342,221,608,121,1
342,221,614,121,1
342,221,620,121,1
342,221,626,121,1
342,221,632,121,1
342,221,638,121,1
342,221,644,121,1
342,221,650,121,1
342,221,656,121,1
342,221,662,121,1
342,221,668,121,1
342,221,674,121,1
342,221,680,121,1
342,221,686,121,1
342,221,692,121,1
342,221,698,121,1
342,221,704,121,1
342,221,710,121,1
342,221,716,121,1
342,221,722,121,1
342,221,728,121,1
342,221,734,121,1
342,221,740,121,1
342,221,746,121,1
342,221,752,121,1
342,221,758,121,1
342,221,764,121,1
342,221,770,121,1
335,221,776,114,0
328,221,782,107,0
321,221,788,100,0
314,221,794,93,0
307,221,800,86,0
300,517,656,-217,0
293,517,662,-224,0
286,517,668,-231,0
279,517,674,-238,0
279,517,680,-238,1
279,419,536,-140,1
279,419,542,-140,1
279,419,548,-140,1
279,419,554,-140,1
279,419,560,-140,1
279,419,566,-140,1
279,419,572,-140,1
279,419,578,-140,1
279,419,584,-140,1
279,419,590,-140,1
279,419,596,-140,1
279,419,602,-140,1
279,419,608,-140,1
279,419,614,-140,1
279,419,620,-140,1
279,419,626,-140,1
279,419,632,-140,1
272,419,638,-147,0
265,419,644,-154,0
258,419,650,-161,0
251,419,656,-168,0
244,419,662,-175,0
237,419,668,-182,0
230,419,674,-189,0
223,419,680,-196,0
216,419,686,-203,0
216,419,692,-203,1
216,419,698,-203,1
216,419,704,-203,1
216,419,710,-203,1
216,419,716,-203,1
216,419,722,-203,1
216,419,728,-203,1
216,419,734,-203,1
216,419,740,-203,1
216,419,746,-203,1
216,419,752,-203,1
216,419,758,-203,1
216,419,764,-203,1
216,419,770,-203,1
216,419,776,-203,1
216,419,782,-203,1
216,419,788,-203,1
216,419,794,-203,1
216,419,800,-203,1
216,14,506,202,1
216,14,512,202,1
216,14,518,202,1
216,14,524,202,1
223,14,530,209,2
230,14,536,216,2
237,14,542,223,2
244,14,548,230,2
251,538,704,-287,2
251,538,710,-287,1
251,538,716,-287,1
251,14,572,237,1
251,14,578,237,1
251,14,584,237,1
251,14,590,237,1
251,14,596,237,1
251,14,602,237,1
251,14,608,237,1
251,14,614,237,1
251,14,620,237,1
251,14,626,237,1
258,14,632,244,2
265,14,638,251,2
272,14,644,258,2
279,538,800,-259,2
286,14,656,272,2
293,14,662,279,2
300,14,668,286,2
300,97,524,203,1
300,97,530,203,1
300,97,536,203,1
300,97,542,203,1
300,97,548,203,1
300,97,554,203,1
300,97,560,203,1
300,97,566,203,1
293,97,572,196,0
286,97,578,189,0
279,97,584,182,0
272,97,590,175,0
265,97,596,168,0
258,97,602,161,0
251,97,608,154,0
244,97,614,147,0
237,97,620,140,0
237,97,626,140,1
237,97,632,140,1
237,97,638,140,1
237,97,644,140,1
237,97,650,140,1
237,97,656,140,1
237,97,662,140,1
237,97,668,140,1
237,97,674,140,1
237,97,680,140,1
237,97,686,140,1
237,97,692,140,1
237,97,698,140,1
237,97,704,140,1
237,97,710,140,1
237,97,716,140,1
237,97,722,140,1
237,97,728,140,1
237,97,734,140,1
237,97,740,140,1
237,97,746,140,1
237,97,752,140,1
237,308,608,-71,1
230,97,764,133,0
223,97,770,126,0
216,97,776,119,0
209,97,782,112,0
202,97,788,105,0
195,97,794,98,0
188,97,800,91,0
188,308,656,-120,1
188,308,662,-120,1
188,308,668,-120,1
188,308,674,-120,1
188,308,680,-120,1
188,308,686,-120,1
188,308,692,-120,1
188,308,698,-120,1
188,308,704,-120,1
188,308,710,-120,1
188,308,716,-120,1
188,308,722,-120,1
188,308,728,-120,1
188,308,734,-120,1
188,308,740,-120,1
188,308,746,-120,1
188,308,752,-120,1
188,308,758,-120,1
188,308,764,-120,1
188,308,770,-120,1
188,308,776,-120,1
188,308,782,-120,1
188,308,788,-120,1
188,308,794,-120,1
188,308,800,-120,1
188,18,656,170,1
188,18,662,170,1
188,18,668,170,1
188,18,674,170,1
188,18,680,170,1
188,18,686,170,1
188,18,692,170,1
188,18,698,170,1
188,18,704,170,1
188,18,710,170,1
188,18,716,170,1
188,18,722,170,1
188,18,728,170,1
188,18,734,170,1
195,18,740,177,2
202,18,746,184,2
209,18,752,191,2
216,18,758,198,2
223,18,764,205,2
230,18,770,212,2
237,18,776,219,2
237,18,782,219,1
237,18,788,219,1
237,18,794,219,1
237,18,800,219,1
237,20,656,217,1
237,20,662,217,1
237,20,668,217,1
237,20,674,217,1
237,20,680,217,1
237,20,686,217,1
237,20,692,217,1
237,20,698,217,1
237,20,704,217,1
237,20,710,217,1
237,20,716,217,1
237,20,722,217,1
237,20,728,217,1
230,20,734,210,0
223,20,740,203,0
216,20,746,196,0
209,20,752,189,0
202,20,758,182,0
195,20,764,175,0
188,20,770,168,0
188,20,776,168,1
188,20,782,168,1
188,20,788,168,1
188,20,794,168,1
188,20,800,168,1
188,420,656,-232,1
188,420,662,-232,1
188,420,668,-232,1
188,420,674,-232,1
188,420,680,-232,1
188,420,686,-232,1
188,420,692,-232,1
188,420,698,-232,1
188,420,704,-232,1
188,420,710,-232,1
188,420,716,-232,1
188,355,572,-167,1
188,355,578,-167,1
188,355,584,-167,1
188,355,590,-167,1
188,355,596,-167,1
188,355,602,-167,1
188,355,608,-167,1
188,355,614,-167,1
188,355,620,-167,1
188,355,626,-167,1
188,355,632,-167,1
188,355,638,-167,1
188,355,644,-167,1
188,355,650,-167,1
188,355,656,-167,1
188,355,662,-167,1
188,355,668,-167,1
188,355,674,-167,1
188,355,680,-167,1
188,355,686,-167,1
188,355,692,-167,1
188,355,698,-167,1
188,355,704,-167,1
188,355,710,-167,1
188,355,716,-167,1
188,355,722,-167,1
188,355,728,-167,1
188,355,734,-167,1
188,355,740,-167,1
188,355,746,-167,1
188,355,752,-167,1
188,355,758,-167,1
188,355,764,-167,1
188,355,770,-167,1
188,355,776,-167,1
188,355,782,-167,1
188,355,788,-167,1
188,355,794,-167,1
188,355,800,-167,1
188,453,656,-265,1
188,453,662,-265,1
188,453,668,-265,1
188,453,674,-265,1
188,453,680,-265,1
188,453,686,-265,1
188,377,542,-189,1
188,377,548,-189,1
188,377,554,-189,1
188,377,560,-189,1
188,377,566,-189,1
188,377,572,-189,1
188,377,578,-189,1
188,377,584,-189,1
188,377,590,-189,1
188,377,596,-189,1
188,377,602,-189,1
188,377,608,-189,1
188,377,614,-189,1
188,377,620,-189,1
188,377,626,-189,1
188,377,632,-189,1
188,377,638,-189,1
188,377,644,-189,1
188,377,650,-189,1
188,377,656,-189,1
188,377,662,-189,1
188,377,668,-189,1
195,377,674,-182,2
202,377,680,-175,2
209,377,686,-168,2
216,377,692,-161,2
223,377,698,-154,2
230,377,704,-147,2
237,377,710,-140,2
244,377,716,-133,2
251,377,722,-126,2
251,377,728,-126,1
251,377,734,-126,1
251,377,740,-126,1
251,377,746,-126,1
251,377,752,-126,1
251,377,758,-126,1
251,377,764,-126,1
251,377,770,-126,1
251,377,776,-126,1
251,160,632,91,1
258,377,788,-119,2
265,377,794,-112,2
272,377,800,-105,2
279,160,656,119,2
286,160,662,126,2
286,160,668,126,1
286,160,674,126,1
286,160,680,126,1
286,160,686,126,1
286,160,692,126,1
286,160,698,126,1
286,160,704,126,1
286,160,710,126,1
286,160,716,126,1
279,160,722,119,0
272,160,728,112,0
265,160,734,105,0
258,160,740,98,0
251,160,746,91,0
244,160,752,84,0
244,160,758,84,1
244,160,764,84,1
244,160,770,84,1
244,160,776,84,1
244,160,782,84,1
244,160,788,84,1
244,160,794,84,1
244,160,800,84,1
244,346,656,-102,1
244,346,662,-102,1
244,346,668,-102,1
244,346,674,-102,1
244,346,680,-102,1
244,346,686,-102,1
244,346,692,-102,1
244,346,698,-102,1
244,346,704,-102,1
244,346,710,-102,1
244,346,716,-102,1
244,346,722,-102,1
244,346,728,-102,1
244,346,734,-102,1
244,346,740,-102,1
244,346,746,-102,1
244,346,752,-102,1
244,346,758,-102,1
244,346,764,-102,1
244,346,770,-102,1
244,346,776,-102,1
244,346,782,-102,1
244,346,788,-102,1
244,346,794,-102,1
244,154,650,90,1
244,154,656,90,1
244,154,662,90,1
244,154,668,90,1
244,154,674,90,1
244,154,680,90,1
244,154,686,90,1
244,154,692,90,1
244,154,698,90,1
244,154,704,90,1
244,154,710,90,1
244,154,716,90,1
244,154,722,90,1
244,154,728,90,1
244,154,734,90,1
244,154,740,90,1
244,154,746,90,1
244,154,752,90,1
244,154,758,90,1
244,154,764,90,1
244,154,770,90,1
244,154,776,90,1
244,154,782,90,1
244,154,788,90,1
244,154,794,90,1
244,154,800,90,1
244,392,656,-148,1
244,392,662,-148,1
244,392,668,-148,1
244,392,674,-148,1
244,392,680,-148,1
244,392,686,-148,1
244,392,692,-148,1
244,392,698,-148,1
244,392,704,-148,1
244,392,710,-148,1
244,392,716,-148,1
244,392,722,-148,1
244,392,728,-148,1
244,392,734,-148,1
244,392,740,-148,1
251,392,746,-141,2
258,392,752,-134,2
265,392,758,-127,2
272,392,764,-120,2
279,392,770,-113,2
286,392,776,-106,2
293,392,782,-99,2
300,392,788,-92,2
307,392,794,-85,2
314,392,800,-78,2
321,258,506,63,2
328,258,512,70,2
335,258,518,77,2
335,258,524,77,1
335,258,530,77,1
335,258,536,77,1
335,258,542,77,1
335,258,548,77,1
335,258,554,77,1
335,258,560,77,1
342,258,566,84,2
349,258,572,91,2
356,258,578,98,2
363,258,584,105,2
370,258,590,112,2
377,258,596,119,2
384,258,602,126,2
391,258,608,133,2
398,258,614,140,2
405,258,620,147,2
412,258,626,154,2
412,258,632,154,1
412,258,638,154,1
412,258,644,154,1
412,258,650,154,1
412,258,656,154,1
412,258,662,154,1
412,258,668,154,1
412,258,674,154,1
412,258,680,154,1
412,258,686,154,1
412,258,692,154,1
412,258,698,154,1
412,258,704,154,1
412,258,710,154,1
412,258,716,154,1
412,258,722,154,1
412,258,728,154,1
412,258,734,154,1
412,258,740,154,1
412,258,746,154,1
412,258,752,154,1
412,258,758,154,1
412,307,614,105,1
412,307,620,105,1
412,307,626,105,1
412,307,632,105,1
412,307,638,105,1
412,307,644,105,1
412,307,650,105,1
412,307,656,105,1
412,307,662,105,1
412,307,668,105,1
412,307,674,105,1
412,307,680,105,1
412,307,686,105,1
412,307,692,105,1
412,307,698,105,1
412,307,704,105,1
412,307,710,105,1
412,307,716,105,1
412,307,722,105,1
412,307,728,105,1
412,307,734,105,1
412,307,740,105,1
412,307,746,105,1
412,307,752,105,1
412,307,758,105,1
412,307,764,105,1
412,307,770,105,1
412,307,776,105,1
412,307,782,105,1
412,307,788,105,1
412,326,644,86,1
412,326,650,86,1
412,326,656,86,1
412,326,662,86,1
412,326,668,86,1
412,326,674,86,1
412,326,680,86,1
412,326,686,86,1
412,326,692,86,1
412,326,698,86,1
412,326,704,86,1
412,326,710,86,1
412,326,716,86,1
412,326,722,86,1
412,326,728,86,1
412,326,734,86,1
412,326,740,86,1
412,326,746,86,1
412,326,752,86,1
412,326,758,86,1
412,326,764,86,1
412,326,770,86,1
412,326,776,86,1
412,326,782,86,1
412,326,788,86,1
412,326,794,86,1
412,326,800,86,1
412,232,506,180,1
412,232,512,180,1
412,232,518,180,1
412,232,524,180,1
412,232,530,180,1
412,232,536,180,1
412,232,542,180,1
412,232,548,180,1
412,232,554,180,1
412,232,560,180,1
412,232,566,180,1
412,232,572,180,1
412,232,578,180,1
412,232,584,180,1
412,232,590,180,1
412,232,596,180,1
412,232,602,180,1
412,232,608,180,1
412,232,614,180,1
412,232,620,180,1
412,232,626,180,1
412,232,632,180,1
412,232,638,180,1
412,232,644,180,1
412,232,650,180,1
412,232,656,180,1
412,232,662,180,1
412,232,668,180,1
412,232,674,180,1
412,232,680,180,1
412,232,686,180,1
412,232,692,180,1
412,232,698,180,1
412,389,554,23,1
412,389,560,23,1
412,389,566,23,1
412,389,572,23,1
412,389,578,23,1
412,389,584,23,1
412,389,590,23,1
405,389,596,16,0
398,389,602,9,0
391,389,608,2,0
384,389,614,-5,0
377,389,620,-12,0
370,389,626,-19,0
363,389,632,-26,0
363,389,638,-26,1
363,389,644,-26,1
363,389,650,-26,1
363,389,656,-26,1
363,389,662,-26,1
356,389,668,-33,0
349,389,674,-40,0
342,389,680,-47,0
335,389,686,-54,0
328,389,692,-61,0
321,389,698,-68,0
314,389,704,-75,0
307,389,710,-82,0
300,389,716,-89,0
293,389,722,-96,0
286,389,728,-103,0
279,389,734,-110,0
272,389,740,-117,0
265,389,746,-124,0
258,389,752,-131,0
251,389,758,-138,0
244,389,764,-145,0
237,389,770,-152,0
230,389,776,-159,0
223,389,782,-166,0
216,389,788,-173,0
216,389,794,-173,1
216,389,800,-173,1
216,534,656,-318,1
216,534,662,-318,1
216,534,668,-318,1
216,462,524,-246,1
216,462,530,-246,1
216,462,536,-246,1
216,462,542,-246,1
216,462,548,-246,1
216,462,554,-246,1
216,462,560,-246,1
216,462,566,-246,1
216,462,572,-246,1
216,462,578,-246,1
216,462,584,-246,1
216,462,590,-246,1
216,462,596,-246,1
216,462,602,-246,1
216,462,608,-246,1
216,173,464,43,1
216,173,470,43,1
216,173,476,43,1
216,173,482,43,1
216,173,488,43,1
216,173,494,43,1
216,173,500,43,1
216,173,506,43,1
216,173,512,43,1
216,173,518,43,1
216,173,524,43,1
216,173,530,43,1
216,173,536,43,1
216,173,542,43,1
216,173,548,43,1
216,173,554,43,1
216,173,560,43,1
216,173,566,43,1
216,173,572,43,1
216,173,578,43,1
216,173,584,43,1
216,173,590,43,1
216,173,596,43,1
216,173,602,43,1
216,173,608,43,1
216,173,614,43,1
216,173,620,43,1
216,173,626,43,1
216,173,632,43,1
216,173,638,43,1
216,173,644,43,1
216,173,650,43,1
216,173,656,43,1
216,173,662,43,1
216,173,668,43,1
216,173,674,43,1
216,173,680,43,1
216,173,686,43,1
216,173,692,43,1
216,173,698,43,1
216,173,704,43,1
216,173,710,43,1
216,173,716,43,1
216,173,722,43,1
216,173,728,43,1
216,173,734,43,1
223,173,740,50,2
230,173,746,57,2
237,173,752,64,2
237,173,758,64,1
237,173,764,64,1
237,173,770,64,1
237,173,776,64,1
237,173,782,64,1
237,173,788,64,1
237,173,794,64,1
237,173,800,64,1
237,129,506,108,1
237,129,512,108,1
237,129,518,108,1
237,129,524,108,1
237,129,530,108,1
237,129,536,108,1
237,129,542,108,1
237,129,548,108,1
237,129,554,108,1
237,129,560,108,1
237,129,566,108,1
237,129,572,108,1
237,129,578,108,1
237,129,584,108,1
237,129,590,108,1
237,129,596,108,1
237,129,602,108,1
237,129,608,108,1
237,129,614,108,1
237,129,620,108,1
237,129,626,108,1
237,129,632,108,1
244,129,638,115,2
251,129,644,122,2
258,129,650,129,2
265,129,656,136,2
272,129,662,143,2
279,129,668,150,2
286,129,674,157,2
293,129,680,164,2
293,129,686,164,1
293,129,692,164,1
293,129,698,164,1
293,129,704,164,1
293,129,710,164,1
293,288,566,5,1
293,288,572,5,1
293,288,578,5,1
293,288,584,5,1
300,288,590,12,2
307,288,596,19,2
314,288,602,26,2
321,288,608,33,2
328,288,614,40,2
335,288,620,47,2
342,288,626,54,2
349,288,632,61,2
356,288,638,68,2
363,288,644,75,2
370,288,650,82,2
377,288,656,89,2
384,288,662,96,2
384,288,668,96,1
384,288,674,96,1
384,288,680,96,1
384,288,686,96,1
384,288,692,96,1
384,288,698,96,1
384,288,704,96,1
384,288,710,96,1
384,288,716,96,1
384,288,722,96,1
384,288,728,96,1
384,288,734,96,1
384,288,740,96,1
384,288,746,96,1
384,288,752,96,1
384,288,758,96,1
384,288,764,96,1
384,288,770,96,1
384,288,776,96,1
384,288,782,96,1
384,288,788,96,1
384,288,794,96,1
384,288,800,96,1
384,189,506,195,1
384,189,512,195,1
384,189,518,195,1
384,189,524,195,1
384,189,530,195,1
384,189,536,195,1
384,189,542,195,1
384,189,548,195,1
384,189,554,195,1
384,189,560,195,1
384,189,566,195,1
384,189,572,195,1
384,189,578,195,1
384,189,584,195,1
384,189,590,195,1
384,189,596,195,1
384,189,602,195,1
384,189,608,195,1
384,189,614,195,1
384,189,620,195,1
384,189,626,195,1
377,189,632,188,0
370,189,638,181,0
363,189,644,174,0
356,189,650,167,0
349,189,656,160,0
342,189,662,153,0
335,189,668,146,0
328,189,674,139,0
328,189,680,139,1
328,189,686,139,1
328,189,692,139,1
328,189,698,139,1
328,189,704,139,1
328,189,710,139,1
328,189,716,139,1
328,189,722,139,1
328,189,728,139,1
328,189,734,139,1
328,189,740,139,1
328,189,746,139,1
328,189,752,139,1
328,189,758,139,1
328,189,764,139,1
328,189,770,139,1
328,189,776,139,1
328,189,782,139,1
328,189,788,139,1
328,189,794,139,1
328,189,800,139,1
328,125,506,203,1
328,125,512,203,1
328,125,518,203,1
328,125,524,203,1
328,125,530,203,1
328,125,536,203,1
328,125,542,203,1
328,125,548,203,1
328,125,554,203,1
328,125,560,203,1
328,125,566,203,1
328,125,572,203,1
328,125,578,203,1
328,125,584,203,1
328,125,590,203,1
328,125,596,203,1
328,125,602,203,1
328,125,608,203,1
328,125,614,203,1
328,125,620,203,1
328,125,626,203,1
328,125,632,203,1
328,125,638,203,1
328,125,644,203,1
328,125,650,203,1
328,125,656,203,1
328,125,662,203,1
328,335,518,-7,1
328,335,524,-7,1
328,335,530,-7,1
328,335,536,-7,1
328,335,542,-7,1
328,335,548,-7,1
328,335,554,-7,1
328,335,560,-7,1
328,335,566,-7,1
328,335,572,-7,1
328,335,578,-7,1
328,335,584,-7,1
328,335,590,-7,1
328,335,596,-7,1
328,335,602,-7,1
328,335,608,-7,1
328,335,614,-7,1
328,335,620,-7,1
321,335,626,-14,0
314,335,632,-21,0
307,335,638,-28,0
300,335,644,-35,0
293,335,650,-42,0
286,335,656,-49,0
279,335,662,-56,0
279,335,668,-56,1
279,335,674,-56,1
279,335,680,-56,1
279,335,686,-56,1
279,335,692,-56,1
279,335,698,-56,1
279,335,704,-56,1
279,335,710,-56,1
279,335,716,-56,1
279,335,722,-56,1
279,335,728,-56,1
279,335,734,-56,1
279,335,740,-56,1
279,335,746,-56,1
279,335,752,-56,1
279,335,758,-56,1
272,335,764,-63,0
265,335,770,-70,0
258,335,776,-77,0
251,335,782,-84,0
244,202,638,42,0
237,202,644,35,0
230,202,650,28,0
223,202,656,21,0
223,202,662,21,1
223,202,668,21,1
223,202,674,21,1
223,202,680,21,1
223,202,686,21,1
223,202,692,21,1
